{
  "welcomeFile": "index.html",
  "routes": [
    {
      "path": "/sap/opu/odata",
      "target": {
        "type": "destination",
        "name": "BZK",
        "entryPath": "/sap/opu/odata"
      },
      "description": "Grebo - Bozankaya"
    },
    {
      "path": "/sap/bc/ui5_ui5",
      "target": {
        "type": "destination",
        "name": "BZK",
        "entryPath": "/sap/bc/ui5_ui5"
      },
      "description": "Grebo - Bozankaya"
    },
    {
      "path": "/resources",
      "target": {
        "type": "service",
        "name": "sapui5",
        "entryPath": "/resources",
        "version": "1.38.37"
      },
      "description": "SAPUI5 Resources"
    },
    {
      "path": "/test-resources",
      "target": {
        "type": "service",
        "name": "sapui5",
        "entryPath": "/test-resources",
        "version": "1.38.37"
      },
      "description": "SAPUI5 Test Resources"
    }
  ]
}