[{
	"Pernr": "Pernr 1",
	"Password": "Password 1",
	"EResult": "EResult 1",
	"Oldpassword": "Oldpassword 1",
	"Superkul": false,
	"EFullname": "EFullname 1",
	"__metadata": {
		"uri": "loginSet(Pernr='Pernr%201',Password='Password%201')",
		"type": "ZBZ_MALZEME_NAKIL_SRV.login"
	}
}, {
	"Pernr": "Pernr 2",
	"Password": "Password 2",
	"EResult": "EResult 2",
	"Oldpassword": "Oldpassword 2",
	"Superkul": false,
	"EFullname": "EFullname 2",
	"__metadata": {
		"uri": "loginSet(Pernr='Pernr%202',Password='Password%202')",
		"type": "ZBZ_MALZEME_NAKIL_SRV.login"
	}
}, {
	"Pernr": "Pernr 3",
	"Password": "Password 3",
	"EResult": "EResult 3",
	"Oldpassword": "Oldpassword 3",
	"Superkul": false,
	"EFullname": "EFullname 3",
	"__metadata": {
		"uri": "loginSet(Pernr='Pernr%203',Password='Password%203')",
		"type": "ZBZ_MALZEME_NAKIL_SRV.login"
	}
}, {
	"Pernr": "Pernr 4",
	"Password": "Password 4",
	"EResult": "EResult 4",
	"Oldpassword": "Oldpassword 4",
	"Superkul": false,
	"EFullname": "EFullname 4",
	"__metadata": {
		"uri": "loginSet(Pernr='Pernr%204',Password='Password%204')",
		"type": "ZBZ_MALZEME_NAKIL_SRV.login"
	}
}, {
	"Pernr": "Pernr 5",
	"Password": "Password 5",
	"EResult": "EResult 5",
	"Oldpassword": "Oldpassword 5",
	"Superkul": true,
	"EFullname": "EFullname 5",
	"__metadata": {
		"uri": "loginSet(Pernr='Pernr%205',Password='Password%205')",
		"type": "ZBZ_MALZEME_NAKIL_SRV.login"
	}
}, {
	"Pernr": "Pernr 6",
	"Password": "Password 6",
	"EResult": "EResult 6",
	"Oldpassword": "Oldpassword 6",
	"Superkul": false,
	"EFullname": "EFullname 6",
	"__metadata": {
		"uri": "loginSet(Pernr='Pernr%206',Password='Password%206')",
		"type": "ZBZ_MALZEME_NAKIL_SRV.login"
	}
}, {
	"Pernr": "Pernr 7",
	"Password": "Password 7",
	"EResult": "EResult 7",
	"Oldpassword": "Oldpassword 7",
	"Superkul": true,
	"EFullname": "EFullname 7",
	"__metadata": {
		"uri": "loginSet(Pernr='Pernr%207',Password='Password%207')",
		"type": "ZBZ_MALZEME_NAKIL_SRV.login"
	}
}, {
	"Pernr": "Pernr 8",
	"Password": "Password 8",
	"EResult": "EResult 8",
	"Oldpassword": "Oldpassword 8",
	"Superkul": true,
	"EFullname": "EFullname 8",
	"__metadata": {
		"uri": "loginSet(Pernr='Pernr%208',Password='Password%208')",
		"type": "ZBZ_MALZEME_NAKIL_SRV.login"
	}
}, {
	"Pernr": "Pernr 9",
	"Password": "Password 9",
	"EResult": "EResult 9",
	"Oldpassword": "Oldpassword 9",
	"Superkul": true,
	"EFullname": "EFullname 9",
	"__metadata": {
		"uri": "loginSet(Pernr='Pernr%209',Password='Password%209')",
		"type": "ZBZ_MALZEME_NAKIL_SRV.login"
	}
}, {
	"Pernr": "Pernr 10",
	"Password": "Password 10",
	"EResult": "EResult 10",
	"Oldpassword": "Oldpassword 10",
	"Superkul": false,
	"EFullname": "EFullname 10",
	"__metadata": {
		"uri": "loginSet(Pernr='Pernr%2010',Password='Password%2010')",
		"type": "ZBZ_MALZEME_NAKIL_SRV.login"
	}
}]