{
  "mockpreview": {
    "mockUri": "/sap/opu/odata/sap/ZBZ_MALZEME_NAKIL_SRV/",
    "metadataFilePath": "localService/metadata.xml",
    "loadJSONFiles": true,
    "loadCustomRequests": false,
    "mockRequestsFilePath": ""
  },
  "deploy": {
    "destination": "BZK",
    "name": "ZBZ_MALZEME_NKL"
  },
  "projectType": [
    "sap.watt.uitools.ide.fiori",
    "com.watt.common.builder.sapui5clientbuild"
  ],
  "build": {
    "buildRequired": true,
    "targetFolder": "dist",
    "lastBuildDateTime": "Wed, 23 Feb 2022 18:00:35 GMT"
  },
  "generation": [
    {
      "templateId": "ui5template.basicSAPUI5ApplicationComponent",
      "templateVersion": "1.4.0",
      "dateTimeStamp": "Fri, 18 Feb 2022 12:58:16 GMT"
    }
  ],
  "basevalidator": {
    "services": {
      "js": "jsValidator"
    }
  },
  "translation": {
    "translationDomain": "",
    "supportedLanguages": "",
    "defaultLanguage": "",
    "defaultI18NPropertyFile": "",
    "resourceModelName": ""
  }
}