{
    "resources": [
        {
            "name": "test/integration/arrangements/Startup.js"
        },
        {
            "name": "test/integration/AllJourneys.js"
        },
        {
            "name": "test/integration/opaTests.qunit.html"
        },
        {
            "name": "test/integration/pages/Login.js"
        },
        {
            "name": "test/integration/NavigationJourney.js"
        },
        {
            "name": "test/integration/opaTests.qunit.js"
        },
        {
            "name": "test/testsuite.qunit.js"
        },
        {
            "name": "test/testsuite.qunit.html"
        },
        {
            "name": "test/unit/AllTests.js"
        },
        {
            "name": "test/unit/unitTests.qunit.html"
        },
        {
            "name": "test/unit/unitTests.qunit.js"
        },
        {
            "name": "test/unit/controller/Login.controller.js"
        },
        {
            "name": "manifest.json"
        },
        {
            "name": "package-lock.json"
        },
        {
            "name": "index.html"
        },
        {
            "name": "view/PersonelValueHelp.fragment.xml"
        },
        {
            "name": "view/Montaj.view.xml"
        },
        {
            "name": "view/MessageDialog.fragment.xml"
        },
        {
            "name": "view/Login.view.xml"
        },
        {
            "name": "view/TesviyeTeyit.view.xml"
        },
        {
            "name": "view/BusyDialog.fragment.xml"
        },
        {
            "name": "view/Menu.view.xml"
        },
        {
            "name": "view/KaynakTeyit.view.xml"
        },
        {
            "name": "view/FormList.view.xml"
        },
        {
            "name": "view/BarcodeInput.fragment.xml"
        },
        {
            "name": "view/NewPassword.fragment.xml"
        },
        {
            "name": "view/YapistirmaSika.view.xml"
        },
        {
            "name": "view/Detail.view.xml"
        },
        {
            "name": "i18n/i18n.properties",
            "raw": "i18n/i18n.properties"
        },
        {
            "name": ".eslintrc.ext"
        },
        {
            "name": "resources.json",
            "merged": true
        },
        {
            "name": ".user.project.json"
        },
        {
            "name": "Component.js"
        },
        {
            "name": ".che/project.json"
        },
        {
            "name": "di.code-validation.core_issues.json"
        },
        {
            "name": "Gruntfile.js"
        },
        {
            "name": "css/style.css"
        },
        {
            "name": "resources/sap-ui-version.json"
        },
        {
            "name": "extended_runnable_file.html"
        },
        {
            "name": "package.json"
        },
        {
            "name": "serviceBinding.js"
        },
        {
            "name": "localService/metadata.xml"
        },
        {
            "name": "localService/mockdata/loginSet.json"
        },
        {
            "name": ".project.json"
        },
        {
            "name": "model/formatter.js"
        },
        {
            "name": "model/models.js"
        },
        {
            "name": "neo-app.json"
        },
        {
            "name": ".eslintrc"
        },
        {
            "name": "Component-preload.js",
            "merged": true
        },
        {
            "name": "controller/Montaj.controller.js"
        },
        {
            "name": "controller/BaseController.js"
        },
        {
            "name": "controller/Login.controller.js"
        },
        {
            "name": "controller/Detail.controller.js"
        },
        {
            "name": "controller/PersonelValueHelp.js"
        },
        {
            "name": "controller/TesviyeTeyit.controller.js"
        },
        {
            "name": "controller/FormList.controller.js"
        },
        {
            "name": "controller/BarcodeInput.js"
        },
        {
            "name": "controller/KaynakTeyit.controller.js"
        },
        {
            "name": "controller/NewPassword.js"
        },
        {
            "name": "controller/MessageDialog.js"
        },
        {
            "name": "controller/Menu.controller.js"
        },
        {
            "name": "controller/YapistirmaSika.controller.js"
        },
        {
            "name": "manifest-bundle.zip"
        }
    ]
}