{
  "mockpreview": {
    "mockUri": "/sap/opu/odata/sap/ZGR_MM_001_FIORI_SRV_01/",
    "metadataFilePath": "localService/ZGR_MM_001_FIORI_SRV_01/metadata.xml",
    "loadJSONFiles": false,
    "loadCustomRequests": false,
    "mockRequestsFilePath": ""
  },
  "deploy": {
    "destination": "BZK",
    "name": "ZGR_MM_TEKLIF"
  },
  "translation": {
    "translationDomain": "",
    "supportedLanguages": "",
    "defaultLanguage": "",
    "defaultI18NPropertyFile": "",
    "resourceModelName": ""
  }
}