<edmx:Edmx
    xmlns:edmx="http://schemas.microsoft.com/ado/2007/06/edmx"
    xmlns:m="http://schemas.microsoft.com/ado/2007/08/dataservices/metadata"
    xmlns:sap="http://www.sap.com/Protocols/SAPData" Version="1.0">
    <edmx:DataServices m:DataServiceVersion="2.0">
        <Schema
            xmlns="http://schemas.microsoft.com/ado/2008/09/edm" Namespace="ZBZ_IT_TICKET_SRV_01" xml:lang="tr" sap:schema-version="1">
            <EntityType Name="master" sap:content-version="1">
                <Key>
                    <PropertyRef Name="Ticketno"/>
                </Key>
                <Property Name="Ticketno" Type="Edm.String" Nullable="false" MaxLength="10" sap:label="Alan (10)" sap:creatable="false" sap:updatable="false" sap:sortable="false" sap:filterable="false"/>
                <Property Name="Talepeden" Type="Edm.String" Nullable="false" MaxLength="8" sap:label="Personel no." sap:creatable="false" sap:updatable="false" sap:sortable="false" sap:filterable="false"/>
                <Property Name="Onceliktanimi" Type="Edm.String" Nullable="false" MaxLength="40" sap:label="Char" sap:creatable="false" sap:updatable="false" sap:sortable="false" sap:filterable="false"/>
                <Property Name="Datum" Type="Edm.DateTime" Nullable="false" Precision="7" sap:label="Date" sap:creatable="false" sap:updatable="false" sap:sortable="false" sap:filterable="false"/>
                <NavigationProperty Name="masterToDetail" Relationship="ZBZ_IT_TICKET_SRV_01.masterToDetail" FromRole="FromRole_masterToDetail" ToRole="ToRole_masterToDetail"/>
            </EntityType>
            <EntityType Name="detail" sap:content-version="1">
                <Key>
                    <PropertyRef Name="Ticketno"/>
                </Key>
                <Property Name="Ticketno" Type="Edm.String" Nullable="false" MaxLength="10" sap:label="Alan (10)" sap:creatable="false" sap:updatable="false" sap:sortable="false" sap:filterable="false"/>
                <Property Name="Talepeden" Type="Edm.String" Nullable="false" MaxLength="8" sap:label="Personel no." sap:creatable="false" sap:updatable="false" sap:sortable="false" sap:filterable="false"/>
                <Property Name="Ticketturu" Type="Edm.String" Nullable="false" MaxLength="4" sap:label="Ayrt.tanımlanmamış alan, muhtemelen yama dzy.kullanılabilir" sap:creatable="false" sap:updatable="false" sap:sortable="false" sap:filterable="false"/>
                <Property Name="Ticketturutx" Type="Edm.String" Nullable="false" MaxLength="10" sap:label="Karakter alanı uzunluğu 10" sap:creatable="false" sap:updatable="false" sap:sortable="false" sap:filterable="false"/>
                <Property Name="Altbirim" Type="Edm.String" Nullable="false" MaxLength="4" sap:label="Ayrt.tanımlanmamış alan, muhtemelen yama dzy.kullanılabilir" sap:creatable="false" sap:updatable="false" sap:sortable="false" sap:filterable="false"/>
                <Property Name="Altbirimtx" Type="Edm.String" Nullable="false" MaxLength="40" sap:label="Char" sap:creatable="false" sap:updatable="false" sap:sortable="false" sap:filterable="false"/>
                <Property Name="Oncelikkodu" Type="Edm.String" Nullable="false" MaxLength="4" sap:label="Ayrt.tanımlanmamış alan, muhtemelen yama dzy.kullanılabilir" sap:creatable="false" sap:updatable="false" sap:sortable="false" sap:filterable="false"/>
                <Property Name="Oncelikkodutx" Type="Edm.String" Nullable="false" MaxLength="10" sap:label="Karakter alanı uzunluğu 10" sap:creatable="false" sap:updatable="false" sap:sortable="false" sap:filterable="false"/>
                <Property Name="Onceliktanimi" Type="Edm.String" Nullable="false" MaxLength="40" sap:label="Char" sap:creatable="false" sap:updatable="false" sap:sortable="false" sap:filterable="false"/>
                <Property Name="Yanitsuresi" Type="Edm.String" Nullable="false" MaxLength="4" sap:label="Sayaç" sap:creatable="false" sap:updatable="false" sap:sortable="false" sap:filterable="false"/>
                <Property Name="Cozumsuresi" Type="Edm.String" Nullable="false" MaxLength="4" sap:label="Sayaç" sap:creatable="false" sap:updatable="false" sap:sortable="false" sap:filterable="false"/>
                <Property Name="Tlpsahibiacklm" Type="Edm.String" Nullable="false" MaxLength="100" sap:label="100 karakter" sap:creatable="false" sap:updatable="false" sap:sortable="false" sap:filterable="false"/>
                <Property Name="Ticketsorumlu" Type="Edm.String" Nullable="false" MaxLength="4" sap:label="Ayrt.tanımlanmamış alan, muhtemelen yama dzy.kullanılabilir" sap:creatable="false" sap:updatable="false" sap:sortable="false" sap:filterable="false"/>
                <Property Name="Ticketsorumlutx" Type="Edm.String" Nullable="false" MaxLength="40" sap:label="Char" sap:creatable="false" sap:updatable="false" sap:sortable="false" sap:filterable="false"/>
                <Property Name="Durum" Type="Edm.String" Nullable="false" MaxLength="4" sap:label="Ayrt.tanımlanmamış alan, muhtemelen yama dzy.kullanılabilir" sap:creatable="false" sap:updatable="false" sap:sortable="false" sap:filterable="false"/>
                <Property Name="Durumtx" Type="Edm.String" Nullable="false" MaxLength="40" sap:label="Char" sap:creatable="false" sap:updatable="false" sap:sortable="false" sap:filterable="false"/>
                <Property Name="Tlpsorumluacklm" Type="Edm.String" Nullable="false" MaxLength="100" sap:label="100 karakter" sap:creatable="false" sap:updatable="false" sap:sortable="false" sap:filterable="false"/>
            </EntityType>
            <Association Name="masterToDetail" sap:content-version="1">
                <End Type="ZBZ_IT_TICKET_SRV_01.master" Multiplicity="1" Role="FromRole_masterToDetail"/>
                <End Type="ZBZ_IT_TICKET_SRV_01.detail" Multiplicity="1" Role="ToRole_masterToDetail"/>
                <ReferentialConstraint>
                    <Principal Role="FromRole_masterToDetail">
                        <PropertyRef Name="Ticketno"/>
                    </Principal>
                    <Dependent Role="ToRole_masterToDetail">
                        <PropertyRef Name="Ticketno"/>
                    </Dependent>
                </ReferentialConstraint>
            </Association>
            <EntityContainer Name="ZBZ_IT_TICKET_SRV_01_Entities" m:IsDefaultEntityContainer="true" sap:supported-formats="atom json xlsx">
                <EntitySet Name="masterSet" EntityType="ZBZ_IT_TICKET_SRV_01.master" sap:creatable="false" sap:updatable="false" sap:deletable="false" sap:pageable="false" sap:content-version="1"/>
                <EntitySet Name="detailSet" EntityType="ZBZ_IT_TICKET_SRV_01.detail" sap:creatable="false" sap:updatable="false" sap:deletable="false" sap:pageable="false" sap:content-version="1"/>
                <AssociationSet Name="masterToDetailSet" Association="ZBZ_IT_TICKET_SRV_01.masterToDetail" sap:creatable="false" sap:updatable="false" sap:deletable="false" sap:content-version="1">
                    <End EntitySet="masterSet" Role="FromRole_masterToDetail"/>
                    <End EntitySet="detailSet" Role="ToRole_masterToDetail"/>
                </AssociationSet>
            </EntityContainer>
            <atom:link
                xmlns:atom="http://www.w3.org/2005/Atom" rel="self" href="./sap/ZBZ_IT_TICKET_SRV_01/$metadata"/>
                <atom:link
                    xmlns:atom="http://www.w3.org/2005/Atom" rel="latest-version" href="./sap/ZBZ_IT_TICKET_SRV_01/$metadata"/>
                </Schema>
            </edmx:DataServices>
        </edmx:Edmx>