{
	"selectedKey": "",

	"navigation": [{
		"titleI18nKey": "Anasayfa",
		"icon": "sap-icon://home",
		"expanded": true,
		"key": "home",
		"items": []
	}, {
		"titleI18nKey": "Tedarikçi Bilgileri",
		"icon": "sap-icon://customer-and-supplier",
		"expanded": false,
		"key": "FirmaBilgi",
		"items": [{
			"titleI18nKey": "Firma Bilgileri",
			"icon": "sap-icon://notes",
			"key": "FirmaBilgi"
		}, {
			"titleI18nKey": "Kalite Belgeleri",
			"icon": "sap-icon://notes",
			"key": "KaliteBelge"
		}]
	}, {
		"titleI18nKey": "HBR Takibi",
		"icon": "sap-icon://checklist-2",
		"expanded": false,
		"key": "HBRTakibi",
		"items": []
	}, {
		"titleI18nKey": "FAI Takibi",
		"icon": "sap-icon://Chart-Tree-Map",
		"expanded": false,
		"key": "FAITakibi",
		"items": []
	}, {
		"titleI18nKey": "Satınalma Takibi",
		"icon": "sap-icon://sales-order-item",
		"expanded": false,
		"key": "SASTakibi",
		"items": []
	}, {
		"titleI18nKey": "Tedarikçi Denetim Takibi",
		"icon": "sap-icon://notes",
		"expanded": false,
		"key": "DenetimTakibi",
		"items": []
	}],
	"fixedNavigation": [{
		"titleI18nKey": "Çıkış Yap",
		"icon": "sap-icon://visits",
		"key": ""
	}],
	"navigationAdmin": [{
		"titleI18nKey": "Anasayfa",
		"icon": "sap-icon://home",
		"expanded": true,
		"key": "HomeAdmin",
		"items": []
	}, {
		"titleI18nKey": "Tedarikçi Bilgileri",
		"icon": "sap-icon://customer-and-supplier",
		"expanded": false,
		"key": "FirmaBilgiAdmin",
		"items": [{
			"titleI18nKey": "Firma Bilgileri",
			"icon": "sap-icon://notes",
			"key": "FirmaBilgiAdmin"
		}, {
			"titleI18nKey": "Kalite Belgeleri",
			"icon": "sap-icon://notes",
			"key": "KaliteBelgeAdmin"
		}]
	}, {
		"titleI18nKey": "HBR Takibi",
		"icon": "sap-icon://checklist-2",
		"expanded": false,
		"key": "HBRTakibiAdmin",
		"items": []
	}, {
		"titleI18nKey": "FAI Takibi",
		"icon": "sap-icon://Chart-Tree-Map",
		"expanded": false,
		"key": "FAITakibiAdmin",
		"items": []
	}, {
		"titleI18nKey": "Satınalma Takibi",
		"icon": "sap-icon://sales-order-item",
		"expanded": false,
		"key": "SASTakibiAdmin",
		"items": []
	}, {
		"titleI18nKey": "Tedarikçi Denetim Takibi",
		"icon": "sap-icon://notes",
		"expanded": false,
		"key": "DenetimTakibiAdmin",
		"items": []
	}]
}