<edmx:Edmx
    xmlns:edmx="http://schemas.microsoft.com/ado/2007/06/edmx"
    xmlns:m="http://schemas.microsoft.com/ado/2007/08/dataservices/metadata"
    xmlns:sap="http://www.sap.com/Protocols/SAPData" Version="1.0">
    <edmx:DataServices m:DataServiceVersion="2.0">
        <Schema
            xmlns="http://schemas.microsoft.com/ado/2008/09/edm" Namespace="ZPM_MBL_COCKPIT_SRV" xml:lang="en" sap:schema-version="1">
            <EntityType Name="qmartList" sap:content-version="1">
                <Key>
                    <PropertyRef Name="Qmart"/>
                </Key>
                <Property Name="Qmart" Type="Edm.String" Nullable="false" MaxLength="2" sap:unicode="false" sap:label="Notifictn type" sap:creatable="false" sap:updatable="false" sap:sortable="false" sap:filterable="false"/>
                <Property Name="Qmartx" Type="Edm.String" Nullable="false" MaxLength="20" sap:unicode="false" sap:label="NotifcatnType" sap:creatable="false" sap:updatable="false" sap:sortable="false" sap:filterable="false"/>
            </EntityType>
            <EntityContainer Name="ZPM_MBL_COCKPIT_SRV_Entities" m:IsDefaultEntityContainer="true" sap:supported-formats="atom json xlsx">
                <EntitySet Name="qmartListSet" EntityType="ZPM_MBL_COCKPIT_SRV.qmartList" sap:creatable="false" sap:updatable="false" sap:deletable="false" sap:pageable="false" sap:addressable="false" sap:content-version="1"/>
            </EntityContainer>
            <atom:link
                xmlns:atom="http://www.w3.org/2005/Atom" rel="self" href="./sap/ZPM_MBL_COCKPIT_SRV/$metadata"/>
                <atom:link
                    xmlns:atom="http://www.w3.org/2005/Atom" rel="latest-version" href="./sap/ZPM_MBL_COCKPIT_SRV/$metadata"/>
                </Schema>
            </edmx:DataServices>
        </edmx:Edmx>