<edmx:Edmx Version="1.0" xmlns:edmx="http://schemas.microsoft.com/ado/2007/06/edmx"
	xmlns:m="http://schemas.microsoft.com/ado/2007/08/dataservices/metadata" xmlns:sap="http://www.sap.com/Protocols/SAPData">
	<edmx:DataServices m:DataServiceVersion="2.0">
		<Schema Namespace="ZBZ_HYM_SRV" xml:lang="tr" sap:schema-version="1" xmlns="http://schemas.microsoft.com/ado/2008/09/edm">
			<EntityType Name="HazirEdim" sap:content-version="1">
				<Key><PropertyRef Name="Matnr1"/></Key><Property Name="CheckEn" Type="Edm.Boolean" sap:label="Gösterge"/><Property Name="CheckSel" Type="Edm.Boolean" sap:label="Gösterge"/><Property Name="Matnr1" Type="Edm.String" Nullable="false" MaxLength="18" sap:label="Malzeme"/><Property Name="Matnr2" Type="Edm.String" MaxLength="18" sap:label="Malzeme"/><Property Name="Omeng" Type="Edm.Decimal" Precision="15" Scale="3" sap:unit="Meins" sap:label="Açık miktar"/><Property Name="Meins" Type="Edm.String" MaxLength="3" sap:label="Temel ölçü brm." sap:semantics="unit-of-measure"/><Property Name="SasiNo" Type="Edm.String" MaxLength="35" sap:label="SAS numarası"/></EntityType>
			<EntityType Name="login" sap:content-version="1">
				<Key><PropertyRef Name="Pernr"/><PropertyRef Name="Password"/></Key><Property Name="Pernr" Type="Edm.String" Nullable="false" MaxLength="8" sap:label="Personel no." sap:creatable="false" sap:updatable="false"
					sap:sortable="false" sap:filterable="false"/><Property Name="Password" Type="Edm.String" Nullable="false" MaxLength="50" sap:label="Açıklama" sap:creatable="false" sap:updatable="false"
					sap:sortable="false" sap:filterable="false"/><Property Name="EResult" Type="Edm.String" Nullable="false" MaxLength="1" sap:label="Karakter 1" sap:creatable="false" sap:updatable="false"
					sap:sortable="false" sap:filterable="false"/><Property Name="Oldpassword" Type="Edm.String" Nullable="false" MaxLength="50" sap:label="Açıklama" sap:creatable="false"
					sap:updatable="false" sap:sortable="false" sap:filterable="false"/><Property Name="Superkul" Type="Edm.Boolean" Nullable="false" sap:label="Gösterge" sap:creatable="false" sap:updatable="false"
					sap:sortable="false" sap:filterable="false"/><Property Name="EFullname" Type="Edm.String" Nullable="false" MaxLength="80" sap:label="Tam ad" sap:creatable="false" sap:updatable="false"
					sap:sortable="false" sap:filterable="false"/></EntityType>
			<EntityType Name="personel" sap:content-version="1">
				<Key><PropertyRef Name="Pernr"/></Key><Property Name="Pernr" Type="Edm.String" Nullable="false" MaxLength="8" sap:label="Personel no." sap:creatable="false" sap:updatable="false"
					sap:sortable="false" sap:filterable="false"/><Property Name="Ename" Type="Edm.String" Nullable="false" MaxLength="40" sap:label="Çlşn/bşv.adı" sap:creatable="false"
					sap:updatable="false" sap:sortable="false" sap:filterable="false"/></EntityType>
			<EntityType Name="HedimTable" sap:content-version="1">
				<Key><PropertyRef Name="String"/></Key><Property Name="Islem" Type="Edm.String" MaxLength="1"/><Property Name="String" Type="Edm.String" Nullable="false"/><Property Name="Bstkd" Type="Edm.String" MaxLength="35"/></EntityType>
			<EntityContainer Name="ZBZ_HYM_SRV_Entities" m:IsDefaultEntityContainer="true" sap:supported-formats="atom json xlsx"><EntitySet Name="HazirEdimSet" EntityType="ZBZ_HYM_SRV.HazirEdim" sap:creatable="false" sap:updatable="false" sap:deletable="false"
				sap:pageable="false" sap:content-version="1"/><EntitySet Name="loginSet" EntityType="ZBZ_HYM_SRV.login" sap:creatable="false" sap:updatable="false" sap:deletable="false"
				sap:pageable="false" sap:content-version="1"/><EntitySet Name="personelSet" EntityType="ZBZ_HYM_SRV.personel" sap:creatable="false" sap:updatable="false" sap:deletable="false"
				sap:pageable="false" sap:content-version="1"/><EntitySet Name="HedimTableSet" EntityType="ZBZ_HYM_SRV.HedimTable" sap:creatable="false" sap:updatable="false" sap:deletable="false"
				sap:pageable="false" sap:content-version="1"/></EntityContainer><atom:link rel="self" href="./sap/ZBZ_HYM_SRV/$metadata" xmlns:atom="http://www.w3.org/2005/Atom"/><atom:link rel="latest-version" href="./sap/ZBZ_HYM_SRV/$metadata" xmlns:atom="http://www.w3.org/2005/Atom"/></Schema>
	</edmx:DataServices>
</edmx:Edmx>