<edmx:Edmx
    xmlns:edmx="http://schemas.microsoft.com/ado/2007/06/edmx"
    xmlns:m="http://schemas.microsoft.com/ado/2007/08/dataservices/metadata"
    xmlns:sap="http://www.sap.com/Protocols/SAPData" Version="1.0">
    <edmx:DataServices m:DataServiceVersion="2.0">
        <Schema
            xmlns="http://schemas.microsoft.com/ado/2008/09/edm" Namespace="ZGR_MM_001_FIORI_SRV_01" xml:lang="tr" sap:schema-version="1">
            <EntityType Name="Subscription" sap:semantics="subscriptions" sap:content-version="1">
                <Key>
                    <PropertyRef Name="ID"/>
                </Key>
                <Property Name="ID" Type="Edm.String" Nullable="false" MaxLength="32" sap:label="Sub. ID" sap:creatable="false" sap:updatable="false" sap:filterable="false"/>
                <Property Name="user" Type="Edm.String" MaxLength="12" m:FC_TargetPath="SyndicationAuthorName" m:FC_KeepInContent="false" sap:label="Kullanıcı adı" sap:creatable="false" sap:filterable="false"/>
                <Property Name="updated" Type="Edm.DateTime" Precision="0" m:FC_TargetPath="SyndicationUpdated" m:FC_KeepInContent="false" sap:label="Zaman damgası" sap:creatable="false" sap:filterable="false"/>
                <Property Name="title" Type="Edm.String" MaxLength="255" m:FC_TargetPath="SyndicationTitle" m:FC_KeepInContent="false" sap:label="Title" sap:filterable="false"/>
                <Property Name="deliveryAddress" Type="Edm.String" sap:label="Delivery Address" sap:filterable="false"/>
                <Property Name="persistNotifications" Type="Edm.Boolean" sap:label="Persist Notification" sap:filterable="false"/>
                <Property Name="collection" Type="Edm.String" MaxLength="40" sap:label="Collection" sap:filterable="false"/>
                <Property Name="filter" Type="Edm.String" sap:label="Filter" sap:filterable="false"/>
                <Property Name="select" Type="Edm.String" MaxLength="255" sap:label="Select" sap:filterable="false"/>
                <Property Name="changeType" Type="Edm.String" MaxLength="30" sap:label="Change Type"/>
            </EntityType>
            <EntityType Name="Notification" sap:semantics="notifications" sap:content-version="1">
                <Key>
                    <PropertyRef Name="ID"/>
                </Key>
                <Property Name="ID" Type="Edm.String" Nullable="false" MaxLength="32" sap:label="Notification ID"/>
                <Property Name="collection" Type="Edm.String" MaxLength="40" sap:label="Collection"/>
                <Property Name="title" Type="Edm.String" m:FC_TargetPath="SyndicationTitle" m:FC_KeepInContent="false" sap:label="Notif. Text"/>
                <Property Name="updated" Type="Edm.DateTime" Precision="0" m:FC_TargetPath="SyndicationUpdated" m:FC_KeepInContent="false" sap:label="Zaman damgası"/>
                <Property Name="changeType" Type="Edm.String" MaxLength="30" sap:label="Change Type"/>
                <Property Name="entriesOfInterest" Type="Edm.Int32" sap:label="No. of Entries"/>
                <Property Name="recipient" Type="Edm.String" MaxLength="112" sap:label="Recipient" sap:creatable="false" sap:updatable="false"/>
            </EntityType>
            <EntityType Name="Login" sap:content-version="1">
                <Key>
                    <PropertyRef Name="Pernr"/>
                    <PropertyRef Name="Password"/>
                </Key>
                <Property Name="Pernr" Type="Edm.String" Nullable="false" MaxLength="8" sap:label="Personel no." sap:creatable="false" sap:updatable="false" sap:sortable="false" sap:filterable="false"/>
                <Property Name="Password" Type="Edm.String" Nullable="false" MaxLength="50" sap:label="Açıklama" sap:creatable="false" sap:updatable="false" sap:sortable="false" sap:filterable="false"/>
                <Property Name="EResult" Type="Edm.String" Nullable="false" MaxLength="1" sap:label="Karakter 1" sap:creatable="false" sap:updatable="false" sap:sortable="false" sap:filterable="false"/>
                <Property Name="Oldpassword" Type="Edm.String" Nullable="false" MaxLength="50" sap:label="Açıklama" sap:creatable="false" sap:updatable="false" sap:sortable="false" sap:filterable="false"/>
                <Property Name="Superkul" Type="Edm.Boolean" Nullable="false" sap:label="Gösterge" sap:creatable="false" sap:updatable="false" sap:sortable="false" sap:filterable="false"/>
                <Property Name="EFullname" Type="Edm.String" Nullable="false" MaxLength="80" sap:label="Tam ad" sap:creatable="false" sap:updatable="false" sap:sortable="false" sap:filterable="false"/>
            </EntityType>
            <EntityType Name="Personel" sap:content-version="1">
                <Key>
                    <PropertyRef Name="Pernr"/>
                </Key>
                <Property Name="Pernr" Type="Edm.String" Nullable="false" MaxLength="8" sap:label="Personel no." sap:creatable="false" sap:updatable="false" sap:sortable="false" sap:filterable="false"/>
                <Property Name="Ename" Type="Edm.String" Nullable="false" MaxLength="40" sap:label="Çlşn/bşv.adı" sap:creatable="false" sap:updatable="false" sap:sortable="false" sap:filterable="false"/>
            </EntityType>
            <EntityType Name="KostlSh" sap:content-version="1">
                <Key>
                    <PropertyRef Name="Kostl"/>
                </Key>
                <Property Name="Kostl" Type="Edm.String" Nullable="false" MaxLength="10" sap:label="Masraf yeri" sap:creatable="false" sap:updatable="false" sap:sortable="false" sap:filterable="false"/>
                <Property Name="Ltext" Type="Edm.String" Nullable="false" MaxLength="40" sap:label="Tanım" sap:creatable="false" sap:updatable="false" sap:sortable="false" sap:filterable="false"/>
            </EntityType>
            <EntityType Name="TalepEdenSh" sap:content-version="1">
                <Key>
                    <PropertyRef Name="Dprkd"/>
                </Key>
                <Property Name="Dprkd" Type="Edm.String" Nullable="false" MaxLength="12" sap:label="Talep eden" sap:creatable="false" sap:updatable="false" sap:sortable="false" sap:filterable="false"/>
                <Property Name="Dprtx" Type="Edm.String" Nullable="false" MaxLength="40" sap:label="Talep edenin adı" sap:creatable="false" sap:updatable="false" sap:sortable="false" sap:filterable="false"/>
            </EntityType>
            <EntityType Name="PosidSh" sap:content-version="1">
                <Key>
                    <PropertyRef Name="Pspnr"/>
                </Key>
                <Property Name="Pspnr" Type="Edm.String" Nullable="false" MaxLength="24" sap:label="PYP öğesi" sap:creatable="false" sap:updatable="false" sap:sortable="false" sap:filterable="false"/>
                <Property Name="Acikl" Type="Edm.String" Nullable="false" MaxLength="50" sap:label="Açıklama" sap:creatable="false" sap:updatable="false" sap:sortable="false" sap:filterable="false"/>
            </EntityType>
            <EntityType Name="SatCreate" sap:content-version="1">
                <Key>
                    <PropertyRef Name="Bnfpo"/>
                </Key>
                <Property Name="Bnfpo" Type="Edm.String" Nullable="false" MaxLength="5" sap:label="SAT kalemi" sap:creatable="false" sap:updatable="false" sap:sortable="false" sap:filterable="false"/>
                <Property Name="Matnr" Type="Edm.String" Nullable="false" MaxLength="18" sap:label="Malzeme" sap:creatable="false" sap:updatable="false" sap:sortable="false" sap:filterable="false"/>
                <Property Name="Maktx" Type="Edm.String" Nullable="false" MaxLength="40" sap:label="Tanım" sap:creatable="false" sap:updatable="false" sap:sortable="false" sap:filterable="false"/>
                <Property Name="Matkl" Type="Edm.String" Nullable="false" MaxLength="9" sap:label="Mal grubu" sap:creatable="false" sap:updatable="false" sap:sortable="false" sap:filterable="false"/>
                <Property Name="Menge" Type="Edm.Decimal" Nullable="false" Precision="13" Scale="3" sap:unit="Meins" sap:label="Miktar" sap:creatable="false" sap:updatable="false" sap:sortable="false" sap:filterable="false"/>
                <Property Name="Meins" Type="Edm.String" Nullable="false" MaxLength="3" sap:label="Ölçü birimi" sap:creatable="false" sap:updatable="false" sap:sortable="false" sap:filterable="false" sap:semantics="unit-of-measure"/>
                <Property Name="Preis" Type="Edm.Decimal" Nullable="false" Precision="12" Scale="3" sap:unit="Waers" sap:label="Değerleme fyt." sap:creatable="false" sap:updatable="false" sap:sortable="false" sap:filterable="false"/>
                <Property Name="Gswrt" Type="Edm.Decimal" Nullable="false" Precision="14" Scale="3" sap:unit="Waers" sap:label="Toplam değer" sap:creatable="false" sap:updatable="false" sap:sortable="false" sap:filterable="false"/>
                <Property Name="Waers" Type="Edm.String" Nullable="false" MaxLength="5" sap:label="Para birimi" sap:creatable="false" sap:updatable="false" sap:sortable="false" sap:filterable="false" sap:semantics="currency-code"/>
                <Property Name="Peinh" Type="Edm.Decimal" Nullable="false" Precision="8" Scale="3" sap:label="Fiyat birimi" sap:creatable="false" sap:updatable="false" sap:sortable="false" sap:filterable="false"/>
            </EntityType>
            <EntityType Name="MatnrSh" sap:content-version="1">
                <Key>
                    <PropertyRef Name="Spras"/>
                    <PropertyRef Name="Matnr"/>
                </Key>
                <Property Name="Maktg" Type="Edm.String" Nullable="false" MaxLength="40" sap:label="Tanım" sap:creatable="false" sap:updatable="false" sap:sortable="false" sap:filterable="false"/>
                <Property Name="Spras" Type="Edm.String" Nullable="false" MaxLength="2" sap:label="Dil" sap:creatable="false" sap:updatable="false" sap:sortable="false" sap:filterable="false"/>
                <Property Name="Matnr" Type="Edm.String" Nullable="false" MaxLength="18" sap:label="Malzeme" sap:creatable="false" sap:updatable="false" sap:sortable="false" sap:filterable="false"/>
            </EntityType>
            <EntityType Name="MatklSh" sap:content-version="1">
                <Key>
                    <PropertyRef Name="Matkl"/>
                </Key>
                <Property Name="Matkl" Type="Edm.String" Nullable="false" MaxLength="9" sap:label="Mal grubu" sap:creatable="false" sap:updatable="false" sap:sortable="false" sap:filterable="false"/>
                <Property Name="Wgbez" Type="Edm.String" Nullable="false" MaxLength="20" sap:label="Mal grp.tanımı" sap:creatable="false" sap:updatable="false" sap:sortable="false" sap:filterable="false"/>
                <Property Name="Wgbez60" Type="Edm.String" Nullable="false" MaxLength="60" sap:label="Mal gr.tanımı 2" sap:creatable="false" sap:updatable="false" sap:sortable="false" sap:filterable="false"/>
            </EntityType>
            <EntityType Name="MeinsSh" sap:content-version="1">
                <Key>
                    <PropertyRef Name="Msehi"/>
                </Key>
                <Property Name="Mseh3" Type="Edm.String" Nullable="false" MaxLength="3" sap:label="Ticari" sap:creatable="false" sap:updatable="false" sap:sortable="false" sap:filterable="false"/>
                <Property Name="Msehi" Type="Edm.String" Nullable="false" MaxLength="3" sap:label="Dahili ÖB" sap:creatable="false" sap:updatable="false" sap:sortable="false" sap:filterable="false" sap:semantics="unit-of-measure"/>
                <Property Name="Msehl" Type="Edm.String" Nullable="false" MaxLength="30" sap:label="Ölçü brm.mtn. 1" sap:creatable="false" sap:updatable="false" sap:sortable="false" sap:filterable="false"/>
                <Property Name="Txdim" Type="Edm.String" Nullable="false" MaxLength="20" sap:label="Boyut metni" sap:creatable="false" sap:updatable="false" sap:sortable="false" sap:filterable="false"/>
            </EntityType>
            <EntityType Name="WaersSh" sap:content-version="1">
                <Key>
                    <PropertyRef Name="Waers"/>
                </Key>
                <Property Name="Waers" Type="Edm.String" Nullable="false" MaxLength="5" sap:label="Para birimi" sap:creatable="false" sap:updatable="false" sap:sortable="false" sap:filterable="false" sap:semantics="currency-code"/>
                <Property Name="Ktext" Type="Edm.String" Nullable="false" MaxLength="15" sap:label="Kısa metin" sap:creatable="false" sap:updatable="false" sap:sortable="false" sap:filterable="false"/>
                <Property Name="Ltext" Type="Edm.String" Nullable="false" MaxLength="40" sap:label="Uzun metin" sap:creatable="false" sap:updatable="false" sap:sortable="false" sap:filterable="false"/>
            </EntityType>
            <EntityType Name="SatList" sap:content-version="1">
                <Key>
                    <PropertyRef Name="Banfn"/>
                </Key>
                <Property Name="Banfn" Type="Edm.String" Nullable="false" MaxLength="10" sap:label="SAT" sap:creatable="false" sap:updatable="false" sap:sortable="false" sap:filterable="false"/>
                <Property Name="Bnfpo" Type="Edm.String" Nullable="false" MaxLength="5" sap:label="SAT kalemi" sap:creatable="false" sap:updatable="false" sap:sortable="false" sap:filterable="false"/>
                <Property Name="Bsart" Type="Edm.String" Nullable="false" MaxLength="4" sap:label="Belge türü" sap:creatable="false" sap:updatable="false" sap:sortable="false" sap:filterable="false"/>
                <Property Name="Ernam" Type="Edm.String" Nullable="false" MaxLength="12" sap:label="Yaratan" sap:creatable="false" sap:updatable="false" sap:sortable="false" sap:filterable="false"/>
                <Property Name="Batxt" Type="Edm.String" Nullable="false" MaxLength="20" sap:label="Tanım" sap:creatable="false" sap:updatable="false" sap:sortable="false" sap:filterable="false"/>
                <Property Name="Bstyp" Type="Edm.String" Nullable="false" MaxLength="1" sap:label="Belge tipi" sap:creatable="false" sap:updatable="false" sap:sortable="false" sap:filterable="false"/>
                <Property Name="Cmplted" Type="Edm.String" Nullable="false" MaxLength="1" sap:label="Karakter 1" sap:creatable="false" sap:updatable="false" sap:sortable="false" sap:filterable="false"/>
                <Property Name="Vorna" Type="Edm.String" Nullable="false" MaxLength="40" sap:label="Adı" sap:creatable="false" sap:updatable="false" sap:sortable="false" sap:filterable="false"/>
                <Property Name="Nachn" Type="Edm.String" Nullable="false" MaxLength="40" sap:label="Soyadı" sap:creatable="false" sap:updatable="false" sap:sortable="false" sap:filterable="false"/>
                <Property Name="Erdat" Type="Edm.DateTime" Precision="7" sap:label="Dğşk.tarihi" sap:creatable="false" sap:updatable="false" sap:sortable="false" sap:filterable="false"/>
                <Property Name="Erdatfrmt" Type="Edm.String" MaxLength="10" sap:label="Karakter alanı uzunluğu 10" sap:creatable="false" sap:updatable="false" sap:sortable="false" sap:filterable="false"/>
                <Property Name="HeaderNote" Type="Edm.String" Nullable="false" sap:label="String" sap:creatable="false" sap:updatable="false" sap:sortable="false" sap:filterable="false"/>
                <Property Name="Badat" Type="Edm.DateTime" Precision="7" sap:label="Talep tarihi" sap:creatable="false" sap:updatable="false" sap:sortable="false" sap:filterable="false"/>
                <Property Name="Durum" Type="Edm.String" Nullable="false" MaxLength="1" sap:label="Karakter 01" sap:creatable="false" sap:updatable="false" sap:sortable="false" sap:filterable="false"/>
                <Property Name="Werks" Type="Edm.String" Nullable="false" MaxLength="4" sap:label="Üretim yeri" sap:creatable="false" sap:updatable="false" sap:sortable="false" sap:filterable="false"/>
                <Property Name="Lgort" Type="Edm.String" Nullable="false" MaxLength="4" sap:label="Depo yeri" sap:creatable="false" sap:updatable="false" sap:sortable="false" sap:filterable="false"/>
                <Property Name="Frgkz" Type="Edm.String" Nullable="false" MaxLength="1" sap:label="Onay göstergesi" sap:creatable="false" sap:updatable="false" sap:sortable="false" sap:filterable="false"/>
                <Property Name="Ebeln" Type="Edm.String" Nullable="false" MaxLength="10" sap:label="Satınalma blg" sap:creatable="false" sap:updatable="false" sap:sortable="false" sap:filterable="false"/>
                <Property Name="Matnr" Type="Edm.String" Nullable="false" MaxLength="18" sap:label="Malzeme" sap:creatable="false" sap:updatable="false" sap:sortable="false" sap:filterable="false"/>
                <Property Name="Txz01" Type="Edm.String" Nullable="false" MaxLength="40" sap:label="Kısa metin" sap:creatable="false" sap:updatable="false" sap:sortable="false" sap:filterable="false"/>
                <Property Name="Menge" Type="Edm.Decimal" Nullable="false" Precision="13" Scale="3" sap:label="Miktar" sap:creatable="false" sap:updatable="false" sap:sortable="false" sap:filterable="false"/>
                <Property Name="Meins" Type="Edm.String" Nullable="false" MaxLength="3" sap:label="Ölçü birimi" sap:creatable="false" sap:updatable="false" sap:sortable="false" sap:filterable="false" sap:semantics="unit-of-measure"/>
                <Property Name="Banpr" Type="Edm.String" Nullable="false" MaxLength="2" sap:label="İşleme durumu" sap:creatable="false" sap:updatable="false" sap:sortable="false" sap:filterable="false"/>
                <Property Name="Banprtxt" Type="Edm.String" Nullable="false" MaxLength="60" sap:label="Kısa tanım" sap:creatable="false" sap:updatable="false" sap:sortable="false" sap:filterable="false"/>
                <Property Name="Statu" Type="Edm.String" Nullable="false" MaxLength="1" sap:label="İşleme durumu" sap:creatable="false" sap:updatable="false" sap:sortable="false" sap:filterable="false"/>
                <Property Name="Depot" Type="Edm.String" Nullable="false" MaxLength="12" sap:label="Yaratan" sap:creatable="false" sap:updatable="false" sap:sortable="false" sap:filterable="false"/>
                <Property Name="Lgobe" Type="Edm.String" Nullable="false" MaxLength="16" sap:label="Tanım" sap:creatable="false" sap:updatable="false" sap:sortable="false" sap:filterable="false"/>
                <Property Name="Tlptxt" Type="Edm.String" Nullable="false" MaxLength="60" sap:label="Kısa tanım" sap:creatable="false" sap:updatable="false" sap:sortable="false" sap:filterable="false"/>
                <Property Name="Kostl" Type="Edm.String" Nullable="false" MaxLength="10" sap:label="Masraf yeri" sap:creatable="false" sap:updatable="false" sap:sortable="false" sap:filterable="false"/>
                <Property Name="PsPspPnr" Type="Edm.String" Nullable="false" MaxLength="12" sap:label="Karakter alanı uzunluğu 12" sap:creatable="false" sap:updatable="false" sap:sortable="false" sap:filterable="false"/>
            </EntityType>
            <EntityType Name="SATCreateAll" sap:content-version="1">
                <Key>
                    <PropertyRef Name="SatTuru"/>
                </Key>
                <Property Name="SatTuru" Type="Edm.String" Nullable="false" MaxLength="12" sap:label="Metin" sap:creatable="false" sap:updatable="false" sap:sortable="false" sap:filterable="false"/>
                <Property Name="Pernr" Type="Edm.String" Nullable="false" MaxLength="8" sap:label="Personel no." sap:creatable="false" sap:updatable="false" sap:sortable="false" sap:filterable="false"/>
                <Property Name="TeslimatTarihi" Type="Edm.String" Nullable="false" MaxLength="12" sap:label="Karakter alanı uzunluğu 12" sap:creatable="false" sap:updatable="false" sap:sortable="false" sap:filterable="false"/>
                <Property Name="Banfntemp" Type="Edm.String" Nullable="false" MaxLength="10" sap:label="SAT" sap:creatable="false" sap:updatable="false" sap:sortable="false" sap:filterable="false"/>
                <Property Name="TalepEden" Type="Edm.String" Nullable="false" MaxLength="12" sap:label="Talep eden" sap:creatable="false" sap:updatable="false" sap:sortable="false" sap:filterable="false"/>
                <Property Name="MasrafYeri" Type="Edm.String" Nullable="false" MaxLength="10" sap:label="Masraf yeri" sap:creatable="false" sap:updatable="false" sap:sortable="false" sap:filterable="false"/>
                <Property Name="HesapTayini" Type="Edm.String" Nullable="false" MaxLength="12" sap:label="Metin" sap:creatable="false" sap:updatable="false" sap:sortable="false" sap:filterable="false"/>
                <Property Name="ProjeKodu" Type="Edm.String" Nullable="false" MaxLength="24" sap:label="PYP öğesi" sap:creatable="false" sap:updatable="false" sap:sortable="false" sap:filterable="false"/>
                <Property Name="Not1" Type="Edm.String" Nullable="false" sap:label="NOT1" sap:creatable="false" sap:updatable="false" sap:sortable="false" sap:filterable="false"/>
                <Property Name="Not2" Type="Edm.String" Nullable="false" sap:label="NOT2" sap:creatable="false" sap:updatable="false" sap:sortable="false" sap:filterable="false"/>
                <Property Name="Not3" Type="Edm.String" Nullable="false" sap:label="NOT3" sap:creatable="false" sap:updatable="false" sap:sortable="false" sap:filterable="false"/>
                <Property Name="Not4" Type="Edm.String" Nullable="false" sap:label="NOT4" sap:creatable="false" sap:updatable="false" sap:sortable="false" sap:filterable="false"/>
                <Property Name="Not5" Type="Edm.String" Nullable="false" sap:label="NOT5" sap:creatable="false" sap:updatable="false" sap:sortable="false" sap:filterable="false"/>
                <Property Name="Not6" Type="Edm.String" Nullable="false" sap:label="NOT6" sap:creatable="false" sap:updatable="false" sap:sortable="false" sap:filterable="false"/>
                <Property Name="Not7" Type="Edm.String" Nullable="false" sap:label="NOT7" sap:creatable="false" sap:updatable="false" sap:sortable="false" sap:filterable="false"/>
                <Property Name="Not8" Type="Edm.String" Nullable="false" sap:label="NOT8" sap:creatable="false" sap:updatable="false" sap:sortable="false" sap:filterable="false"/>
                <Property Name="Field1" Type="Edm.String" Nullable="false" MaxLength="12" sap:label="Metin" sap:creatable="false" sap:updatable="false" sap:sortable="false" sap:filterable="false"/>
                <Property Name="Field2" Type="Edm.String" Nullable="false" MaxLength="12" sap:label="Metin" sap:creatable="false" sap:updatable="false" sap:sortable="false" sap:filterable="false"/>
                <Property Name="Field3" Type="Edm.String" Nullable="false" MaxLength="40" sap:label="40 karakter uzunluğundaki metin" sap:creatable="false" sap:updatable="false" sap:sortable="false" sap:filterable="false"/>
                <Property Name="Field4" Type="Edm.String" Nullable="false" MaxLength="12" sap:label="Metin" sap:creatable="false" sap:updatable="false" sap:sortable="false" sap:filterable="false"/>
                <Property Name="Items" Type="Edm.String" Nullable="false" sap:label="ITEMS" sap:creatable="false" sap:updatable="false" sap:sortable="false" sap:filterable="false"/>
            </EntityType>
            <EntityType Name="SatListDetail" sap:content-version="1">
                <Key>
                    <PropertyRef Name="Zzpernr"/>
                    <PropertyRef Name="Banfn"/>
                    <PropertyRef Name="Bnfpo"/>
                </Key>
                <Property Name="Zzpernr" Type="Edm.String" Nullable="false" MaxLength="8" sap:label="Personel no." sap:creatable="false" sap:updatable="false" sap:sortable="false" sap:filterable="false"/>
                <Property Name="Banfn" Type="Edm.String" Nullable="false" MaxLength="10" sap:label="SAT" sap:creatable="false" sap:updatable="false" sap:sortable="false" sap:filterable="false"/>
                <Property Name="Bnfpo" Type="Edm.String" Nullable="false" MaxLength="5" sap:label="SAT kalemi" sap:creatable="false" sap:updatable="false" sap:sortable="false" sap:filterable="false"/>
                <Property Name="Matnr" Type="Edm.String" Nullable="false" MaxLength="18" sap:label="Malzeme" sap:creatable="false" sap:updatable="false" sap:sortable="false" sap:filterable="false"/>
                <Property Name="Txz01" Type="Edm.String" Nullable="false" MaxLength="40" sap:label="Kısa metin" sap:creatable="false" sap:updatable="false" sap:sortable="false" sap:filterable="false"/>
                <Property Name="Bsart" Type="Edm.String" Nullable="false" MaxLength="4" sap:label="SAS türü" sap:creatable="false" sap:updatable="false" sap:sortable="false" sap:filterable="false"/>
                <Property Name="Batxt" Type="Edm.String" Nullable="false" MaxLength="20" sap:label="Tanım" sap:creatable="false" sap:updatable="false" sap:sortable="false" sap:filterable="false"/>
                <Property Name="Taleptrh" Type="Edm.String" Nullable="false" MaxLength="10" sap:label="Karakter alanı uzunluğu 10" sap:creatable="false" sap:updatable="false" sap:sortable="false" sap:filterable="false"/>
                <Property Name="Waers" Type="Edm.String" Nullable="false" MaxLength="5" sap:label="Para birimi" sap:creatable="false" sap:updatable="false" sap:sortable="false" sap:filterable="false" sap:semantics="currency-code"/>
                <Property Name="Preis" Type="Edm.Decimal" Nullable="false" Precision="12" Scale="3" sap:label="Değerleme fyt." sap:creatable="false" sap:updatable="false" sap:sortable="false" sap:filterable="false"/>
                <Property Name="Afnam" Type="Edm.String" Nullable="false" MaxLength="12" sap:label="Talep eden" sap:creatable="false" sap:updatable="false" sap:sortable="false" sap:filterable="false"/>
                <Property Name="Onydurum" Type="Edm.String" Nullable="false" MaxLength="30" sap:label="30 karakter" sap:creatable="false" sap:updatable="false" sap:sortable="false" sap:filterable="false"/>
                <Property Name="Loekz" Type="Edm.String" Nullable="false" MaxLength="1" sap:label="Silme gös." sap:creatable="false" sap:updatable="false" sap:sortable="false" sap:filterable="false"/>
                <Property Name="Elikz" Type="Edm.String" Nullable="false" MaxLength="1" sap:label="Karakter 1" sap:creatable="false" sap:updatable="false" sap:sortable="false" sap:filterable="false"/>
                <Property Name="Erekz" Type="Edm.String" Nullable="false" MaxLength="1" sap:label="Karakter 1" sap:creatable="false" sap:updatable="false" sap:sortable="false" sap:filterable="false"/>
                <Property Name="Onytrh" Type="Edm.String" Nullable="false" MaxLength="10" sap:label="Karakter alanı uzunluğu 10" sap:creatable="false" sap:updatable="false" sap:sortable="false" sap:filterable="false"/>
                <Property Name="Ename" Type="Edm.String" Nullable="false" MaxLength="40" sap:label="Çlşn/bşv.adı" sap:creatable="false" sap:updatable="false" sap:sortable="false" sap:filterable="false"/>
            </EntityType>
            <EntityType Name="TempNumber" sap:content-version="1">
                <Key>
                    <PropertyRef Name="Apptype"/>
                </Key>
                <Property Name="Apptype" Type="Edm.String" Nullable="false" MaxLength="2" sap:label="Uygulama Türü" sap:creatable="false" sap:updatable="false" sap:sortable="false" sap:filterable="false"/>
                <Property Name="Banfn" Type="Edm.String" Nullable="false" MaxLength="10" sap:label="SAT" sap:creatable="false" sap:updatable="false" sap:sortable="false" sap:filterable="false"/>
            </EntityType>
            <EntityType Name="Document" m:HasStream="true" sap:content-version="1">
                <Key>
                    <PropertyRef Name="Attaid"/>
                    <PropertyRef Name="Catid"/>
                    <PropertyRef Name="Instid"/>
                    <PropertyRef Name="Typeid"/>
                </Key>
                <Property Name="Attaid" Type="Edm.String" Nullable="false" sap:label="Object ID"/>
                <Property Name="Catid" Type="Edm.String" Nullable="false" MaxLength="2" sap:label="Object Category"/>
                <Property Name="CrDate" Type="Edm.DateTime" Precision="7" sap:label="Yaratma tarihi"/>
                <Property Name="CrName" Type="Edm.String" MaxLength="60" sap:label="Yaratan"/>
                <Property Name="CrTime" Type="Edm.Time" Precision="0" sap:label="Yaratma saati"/>
                <Property Name="CrUser" Type="Edm.String" MaxLength="12" sap:label="Yaratan"/>
                <Property Name="Descr" Type="Edm.String" MaxLength="60" sap:label="Tarayıcı klm.tnm."/>
                <Property Name="Filename" Type="Edm.String" MaxLength="255" sap:label="Dosya adı"/>
                <Property Name="Filesize" Type="Edm.Int32" sap:label="Sayı"/>
                <Property Name="Instid" Type="Edm.String" Nullable="false" MaxLength="70" sap:label="Instance ID"/>
                <Property Name="TechType" Type="Edm.String" MaxLength="40" sap:label="TK tipi"/>
                <Property Name="Typeid" Type="Edm.String" Nullable="false" MaxLength="32" sap:label="Object Type"/>
                <Property Name="Url" Type="Edm.String" sap:label="URL"/>
            </EntityType>
            <EntityType Name="ZLP_WAERS" sap:content-version="1">
                <Key>
                    <PropertyRef Name="Waers"/>
                </Key>
                <Property Name="Waers" Type="Edm.String" Nullable="false" MaxLength="5" sap:creatable="false" sap:updatable="false" sap:sortable="false" sap:filterable="false" sap:semantics="currency-code"/>
            </EntityType>
            <EntityType Name="ZLP_KLM_LIST" sap:content-version="1">
                <Key>
                    <PropertyRef Name="Ebeln"/>
                    <PropertyRef Name="Ebelp"/>
                    <PropertyRef Name="Matnr"/>
                </Key>
                <Property Name="Ebeln" Type="Edm.String" Nullable="false" MaxLength="10" sap:creatable="false" sap:updatable="false" sap:sortable="false" sap:filterable="false"/>
                <Property Name="Ebelp" Type="Edm.String" Nullable="false" MaxLength="5" sap:creatable="false" sap:updatable="false" sap:sortable="false" sap:filterable="false"/>
                <Property Name="Matnr" Type="Edm.String" Nullable="false" MaxLength="18" sap:creatable="false" sap:updatable="false" sap:sortable="false" sap:filterable="false"/>
                <Property Name="Maktx" Type="Edm.String" Nullable="false" MaxLength="40" sap:creatable="false" sap:updatable="false" sap:sortable="false" sap:filterable="false"/>
                <Property Name="Tslmt" Type="Edm.DateTime" Nullable="false" Precision="7" sap:creatable="false" sap:updatable="false" sap:sortable="false" sap:filterable="false"/>
                <Property Name="Meins" Type="Edm.String" Nullable="false" MaxLength="3" sap:creatable="false" sap:updatable="false" sap:sortable="false" sap:filterable="false" sap:semantics="unit-of-measure"/>
                <Property Name="Ktmng" Type="Edm.Decimal" Nullable="false" Precision="13" Scale="3" sap:unit="Meins" sap:creatable="false" sap:updatable="false" sap:sortable="false" sap:filterable="false"/>
                <Property Name="Netpronc" Type="Edm.Decimal" Nullable="false" Precision="12" Scale="3" sap:unit="Waersonc" sap:creatable="false" sap:updatable="false" sap:sortable="false" sap:filterable="false"/>
                <Property Name="Waersonc" Type="Edm.String" Nullable="false" MaxLength="5" sap:creatable="false" sap:updatable="false" sap:sortable="false" sap:filterable="false" sap:semantics="currency-code"/>
                <Property Name="Netpr" Type="Edm.Decimal" Nullable="false" Precision="12" Scale="3" sap:unit="Waers" sap:creatable="false" sap:updatable="false" sap:sortable="false" sap:filterable="false"/>
                <Property Name="Netpredt" Type="Edm.Boolean" Nullable="false" sap:creatable="false" sap:updatable="false" sap:sortable="false" sap:filterable="false"/>
                <Property Name="Netpr2" Type="Edm.Decimal" Nullable="false" Precision="12" Scale="3" sap:unit="Waers2" sap:creatable="false" sap:updatable="false" sap:sortable="false" sap:filterable="false"/>
                <Property Name="Netpr2var" Type="Edm.Boolean" Nullable="false" sap:creatable="false" sap:updatable="false" sap:sortable="false" sap:filterable="false"/>
                <Property Name="Hdffyt" Type="Edm.Boolean" Nullable="false" sap:creatable="false" sap:updatable="false" sap:sortable="false" sap:filterable="false"/>
                <Property Name="Hdffytedt" Type="Edm.Boolean" Nullable="false" sap:creatable="false" sap:updatable="false" sap:sortable="false" sap:filterable="false"/>
                <Property Name="Waers" Type="Edm.String" Nullable="false" MaxLength="5" sap:creatable="false" sap:updatable="false" sap:sortable="false" sap:filterable="false" sap:semantics="currency-code"/>
                <Property Name="Waersedt" Type="Edm.Boolean" Nullable="false" sap:creatable="false" sap:updatable="false" sap:sortable="false" sap:filterable="false"/>
                <Property Name="Waers2" Type="Edm.String" Nullable="false" MaxLength="5" sap:creatable="false" sap:updatable="false" sap:sortable="false" sap:filterable="false" sap:semantics="currency-code"/>
                <Property Name="Txt01" Type="Edm.String" Nullable="false" MaxLength="100" sap:creatable="false" sap:updatable="false" sap:sortable="false" sap:filterable="false"/>
                <Property Name="Txt01edt" Type="Edm.Boolean" Nullable="false" sap:creatable="false" sap:updatable="false" sap:sortable="false" sap:filterable="false"/>
                <Property Name="Flpre" Type="Edm.Boolean" Nullable="false" sap:creatable="false" sap:updatable="false" sap:sortable="false" sap:filterable="false"/>
                <Property Name="Klmok" Type="Edm.Boolean" Nullable="false" sap:creatable="false" sap:updatable="false" sap:sortable="false" sap:filterable="false"/>
            </EntityType>
            <EntityType Name="ZLP_CHECK_GUID" sap:content-version="1">
                <Key>
                    <PropertyRef Name="Guid"/>
                </Key>
                <Property Name="Guid" Type="Edm.String" Nullable="false" MaxLength="32" sap:creatable="false" sap:updatable="false" sap:sortable="false" sap:filterable="false"/>
                <Property Name="Ebeln" Type="Edm.String" Nullable="false" MaxLength="10" sap:creatable="false" sap:updatable="false" sap:sortable="false" sap:filterable="false"/>
                <Property Name="Flvis" Type="Edm.Boolean" Nullable="false" sap:creatable="false" sap:updatable="false" sap:sortable="false" sap:filterable="false"/>
                <Property Name="Fledt" Type="Edm.Boolean" Nullable="false" sap:creatable="false" sap:updatable="false" sap:sortable="false" sap:filterable="false"/>
                <Property Name="Idate" Type="Edm.String" Nullable="false" MaxLength="10" sap:creatable="false" sap:updatable="false" sap:sortable="false" sap:filterable="false"/>
                <Property Name="Sdate" Type="Edm.String" Nullable="false" MaxLength="10" sap:creatable="false" sap:updatable="false" sap:sortable="false" sap:filterable="false"/>
                <Property Name="Eknam" Type="Edm.String" Nullable="false" MaxLength="18" sap:creatable="false" sap:updatable="false" sap:sortable="false" sap:filterable="false"/>
                <Property Name="Smtpa" Type="Edm.String" Nullable="false" MaxLength="241" sap:creatable="false" sap:updatable="false" sap:sortable="false" sap:filterable="false"/>
                <Property Name="Telnum" Type="Edm.String" Nullable="false" MaxLength="30" sap:creatable="false" sap:updatable="false" sap:sortable="false" sap:filterable="false"/>
                <Property Name="Flpre" Type="Edm.Boolean" Nullable="false" sap:creatable="false" sap:updatable="false" sap:sortable="false" sap:filterable="false"/>
                <Property Name="Zterm" Type="Edm.String" Nullable="false" MaxLength="4" sap:creatable="false" sap:updatable="false" sap:sortable="false" sap:filterable="false"/>
                <Property Name="Inco1" Type="Edm.String" Nullable="false" MaxLength="3" sap:creatable="false" sap:updatable="false" sap:sortable="false" sap:filterable="false"/>
                <Property Name="Hdffytdrm" Type="Edm.Boolean" Nullable="false" sap:creatable="false" sap:updatable="false" sap:sortable="false" sap:filterable="false"/>
                <Property Name="Hdffytonydrm" Type="Edm.Boolean" Nullable="false" sap:creatable="false" sap:updatable="false" sap:sortable="false" sap:filterable="false"/>
            </EntityType>
            <EntityType Name="ZLP_SAVE" sap:content-version="1">
                <Key>
                    <PropertyRef Name="Guid"/>
                </Key>
                <Property Name="String" Type="Edm.String" Nullable="false" sap:creatable="false" sap:updatable="false" sap:sortable="false" sap:filterable="false"/>
                <Property Name="String2" Type="Edm.String" Nullable="false" sap:creatable="false" sap:updatable="false" sap:sortable="false" sap:filterable="false"/>
                <Property Name="Zterm" Type="Edm.String" Nullable="false" MaxLength="4" sap:creatable="false" sap:updatable="false" sap:sortable="false" sap:filterable="false"/>
                <Property Name="Inco1" Type="Edm.String" Nullable="false" MaxLength="3" sap:creatable="false" sap:updatable="false" sap:sortable="false" sap:filterable="false"/>
                <Property Name="Guid" Type="Edm.String" Nullable="false" MaxLength="32" sap:creatable="false" sap:updatable="false" sap:sortable="false" sap:filterable="false"/>
                <Property Name="Note" Type="Edm.String" Nullable="false" sap:creatable="false" sap:updatable="false" sap:sortable="false" sap:filterable="false"/>
            </EntityType>
            <EntityType Name="ZLP_SAT_NOT" sap:content-version="1">
                <Key>
                    <PropertyRef Name="Guid"/>
                </Key>
                <Property Name="Guid" Type="Edm.String" Nullable="false" sap:creatable="false" sap:updatable="false" sap:sortable="false" sap:filterable="false"/>
                <Property Name="Aciklama" Type="Edm.String" Nullable="false" sap:creatable="false" sap:updatable="false" sap:sortable="false" sap:filterable="false"/>
            </EntityType>
            <EntityType Name="SatOnayMaster" sap:content-version="1">
                <Key>
                    <PropertyRef Name="Banfn"/>
                </Key>
                <Property Name="Banfn" Type="Edm.String" Nullable="false" MaxLength="10" sap:creatable="false" sap:updatable="false" sap:sortable="false" sap:filterable="false"/>
                <Property Name="Pernr" Type="Edm.String" Nullable="false" MaxLength="8" sap:creatable="false" sap:updatable="false" sap:sortable="false" sap:filterable="false"/>
                <Property Name="Ernam" Type="Edm.String" Nullable="false" MaxLength="12" sap:creatable="false" sap:updatable="false" sap:sortable="false" sap:filterable="false"/>
                <Property Name="ErnamTx" Type="Edm.String" Nullable="false" MaxLength="40" sap:creatable="false" sap:updatable="false" sap:sortable="false" sap:filterable="false"/>
                <Property Name="Afnam" Type="Edm.String" Nullable="false" MaxLength="12" sap:creatable="false" sap:updatable="false" sap:sortable="false" sap:filterable="false"/>
                <Property Name="AfnamTx" Type="Edm.String" Nullable="false" MaxLength="40" sap:creatable="false" sap:updatable="false" sap:sortable="false" sap:filterable="false"/>
                <Property Name="Bednr" Type="Edm.String" Nullable="false" MaxLength="10" sap:creatable="false" sap:updatable="false" sap:sortable="false" sap:filterable="false"/>
                <Property Name="Bsart" Type="Edm.String" Nullable="false" MaxLength="4" sap:creatable="false" sap:updatable="false" sap:sortable="false" sap:filterable="false"/>
                <Property Name="Bstyp" Type="Edm.String" Nullable="false" MaxLength="1" sap:creatable="false" sap:updatable="false" sap:sortable="false" sap:filterable="false"/>
                <Property Name="Batxt" Type="Edm.String" Nullable="false" MaxLength="20" sap:creatable="false" sap:updatable="false" sap:sortable="false" sap:filterable="false"/>
                <Property Name="Toptut" Type="Edm.Decimal" Nullable="false" Precision="12" Scale="3" sap:unit="Waers" sap:creatable="false" sap:updatable="false" sap:sortable="false" sap:filterable="false"/>
                <Property Name="Waers" Type="Edm.String" Nullable="false" MaxLength="5" sap:creatable="false" sap:updatable="false" sap:sortable="false" sap:filterable="false" sap:semantics="currency-code"/>
                <Property Name="Frggr" Type="Edm.String" Nullable="false" MaxLength="2" sap:creatable="false" sap:updatable="false" sap:sortable="false" sap:filterable="false"/>
                <Property Name="Frgco" Type="Edm.String" Nullable="false" MaxLength="2" sap:creatable="false" sap:updatable="false" sap:sortable="false" sap:filterable="false"/>
                <Property Name="Werks" Type="Edm.String" Nullable="false" MaxLength="4" sap:creatable="false" sap:updatable="false" sap:sortable="false" sap:filterable="false"/>
                <Property Name="Onckony" Type="Edm.String" Nullable="false" MaxLength="40" sap:creatable="false" sap:updatable="false" sap:sortable="false" sap:filterable="false"/>
                <Property Name="Durum" Type="Edm.String" Nullable="false" MaxLength="1" sap:creatable="false" sap:updatable="false" sap:sortable="false" sap:filterable="false"/>
                <Property Name="Sononay" Type="Edm.String" Nullable="false" MaxLength="1" sap:creatable="false" sap:updatable="false" sap:sortable="false" sap:filterable="false"/>
                <NavigationProperty Name="SatOnayDetailSet" Relationship="ZGR_MM_001_FIORI_SRV_01.masterToDetail" FromRole="FromRole_masterToDetail" ToRole="ToRole_masterToDetail"/>
            </EntityType>
            <EntityType Name="SatOnayDetail" sap:content-version="1">
                <Key>
                    <PropertyRef Name="Banfn"/>
                    <PropertyRef Name="Bnfpo"/>
                </Key>
                <Property Name="Banfn" Type="Edm.String" Nullable="false" MaxLength="10" sap:creatable="false" sap:updatable="false" sap:sortable="false" sap:filterable="false"/>
                <Property Name="Pernr" Type="Edm.String" Nullable="false" MaxLength="8" sap:creatable="false" sap:updatable="false" sap:sortable="false" sap:filterable="false"/>
                <Property Name="Bnfpo" Type="Edm.String" Nullable="false" MaxLength="5" sap:creatable="false" sap:updatable="false" sap:sortable="false" sap:filterable="false"/>
                <Property Name="Matnr" Type="Edm.String" Nullable="false" MaxLength="18" sap:creatable="false" sap:updatable="false" sap:sortable="false" sap:filterable="false"/>
                <Property Name="Txz01" Type="Edm.String" Nullable="false" MaxLength="40" sap:creatable="false" sap:updatable="false" sap:sortable="false" sap:filterable="false"/>
                <Property Name="Menge" Type="Edm.Decimal" Nullable="false" Precision="13" Scale="3" sap:unit="Meins" sap:creatable="false" sap:updatable="false" sap:sortable="false" sap:filterable="false"/>
                <Property Name="Meins" Type="Edm.String" Nullable="false" MaxLength="3" sap:creatable="false" sap:updatable="false" sap:sortable="false" sap:filterable="false" sap:semantics="unit-of-measure"/>
                <Property Name="Mseht" Type="Edm.String" Nullable="false" MaxLength="10" sap:creatable="false" sap:updatable="false" sap:sortable="false" sap:filterable="false"/>
                <Property Name="Badat" Type="Edm.String" Nullable="false" MaxLength="8" sap:creatable="false" sap:updatable="false" sap:sortable="false" sap:filterable="false"/>
                <Property Name="Preis" Type="Edm.Decimal" Nullable="false" Precision="12" Scale="3" sap:unit="Waers" sap:creatable="false" sap:updatable="false" sap:sortable="false" sap:filterable="false"/>
                <Property Name="Sattut" Type="Edm.Decimal" Nullable="false" Precision="12" Scale="3" sap:unit="Waers" sap:creatable="false" sap:updatable="false" sap:sortable="false" sap:filterable="false"/>
                <Property Name="Waers" Type="Edm.String" Nullable="false" MaxLength="5" sap:creatable="false" sap:updatable="false" sap:sortable="false" sap:filterable="false" sap:semantics="currency-code"/>
            </EntityType>
            <EntityType Name="WerksSh" sap:content-version="1">
                <Key>
                    <PropertyRef Name="Werks"/>
                </Key>
                <Property Name="Werks" Type="Edm.String" Nullable="false" MaxLength="4" sap:creatable="false" sap:updatable="false" sap:sortable="false" sap:filterable="false"/>
                <Property Name="Sort2" Type="Edm.String" Nullable="false" MaxLength="20" sap:creatable="false" sap:updatable="false" sap:sortable="false" sap:filterable="false"/>
                <Property Name="Sort1" Type="Edm.String" Nullable="false" MaxLength="20" sap:creatable="false" sap:updatable="false" sap:sortable="false" sap:filterable="false"/>
                <Property Name="PostCode1" Type="Edm.String" Nullable="false" MaxLength="10" sap:creatable="false" sap:updatable="false" sap:sortable="false" sap:filterable="false"/>
                <Property Name="City1" Type="Edm.String" Nullable="false" MaxLength="40" sap:creatable="false" sap:updatable="false" sap:sortable="false" sap:filterable="false"/>
                <Property Name="Name2" Type="Edm.String" Nullable="false" MaxLength="40" sap:creatable="false" sap:updatable="false" sap:sortable="false" sap:filterable="false"/>
                <Property Name="Name1" Type="Edm.String" Nullable="false" MaxLength="40" sap:creatable="false" sap:updatable="false" sap:sortable="false" sap:filterable="false"/>
                <Property Name="Nation" Type="Edm.String" Nullable="false" MaxLength="1" sap:creatable="false" sap:updatable="false" sap:sortable="false" sap:filterable="false"/>
            </EntityType>
            <Association Name="masterToDetail" sap:content-version="1">
                <End Type="ZGR_MM_001_FIORI_SRV_01.SatOnayMaster" Multiplicity="1" Role="FromRole_masterToDetail"/>
                <End Type="ZGR_MM_001_FIORI_SRV_01.SatOnayDetail" Multiplicity="*" Role="ToRole_masterToDetail"/>
                <ReferentialConstraint>
                    <Principal Role="FromRole_masterToDetail">
                        <PropertyRef Name="Banfn"/>
                    </Principal>
                    <Dependent Role="ToRole_masterToDetail">
                        <PropertyRef Name="Banfn"/>
                    </Dependent>
                </ReferentialConstraint>
            </Association>
            <EntityContainer Name="ZGR_MM_001_FIORI_SRV_01_Entities" m:IsDefaultEntityContainer="true" sap:supported-formats="atom json xlsx">
                <EntitySet Name="SubscriptionCollection" EntityType="ZGR_MM_001_FIORI_SRV_01.Subscription" sap:content-version="1"/>
                <EntitySet Name="NotificationCollection" EntityType="ZGR_MM_001_FIORI_SRV_01.Notification" sap:creatable="false" sap:updatable="false" sap:deletable="false" sap:addressable="false" sap:content-version="1"/>
                <EntitySet Name="LoginSet" EntityType="ZGR_MM_001_FIORI_SRV_01.Login" sap:creatable="false" sap:updatable="false" sap:deletable="false" sap:pageable="false" sap:content-version="1"/>
                <EntitySet Name="PersonelSet" EntityType="ZGR_MM_001_FIORI_SRV_01.Personel" sap:creatable="false" sap:updatable="false" sap:deletable="false" sap:pageable="false" sap:content-version="1"/>
                <EntitySet Name="KostlShSet" EntityType="ZGR_MM_001_FIORI_SRV_01.KostlSh" sap:creatable="false" sap:updatable="false" sap:deletable="false" sap:pageable="false" sap:content-version="1"/>
                <EntitySet Name="TalepEdenShSet" EntityType="ZGR_MM_001_FIORI_SRV_01.TalepEdenSh" sap:creatable="false" sap:updatable="false" sap:deletable="false" sap:pageable="false" sap:content-version="1"/>
                <EntitySet Name="PosidShSet" EntityType="ZGR_MM_001_FIORI_SRV_01.PosidSh" sap:creatable="false" sap:updatable="false" sap:deletable="false" sap:pageable="false" sap:content-version="1"/>
                <EntitySet Name="SatCreateSet" EntityType="ZGR_MM_001_FIORI_SRV_01.SatCreate" sap:creatable="false" sap:updatable="false" sap:deletable="false" sap:pageable="false" sap:content-version="1"/>
                <EntitySet Name="MatnrShSet" EntityType="ZGR_MM_001_FIORI_SRV_01.MatnrSh" sap:creatable="false" sap:updatable="false" sap:deletable="false" sap:pageable="false" sap:content-version="1"/>
                <EntitySet Name="MatklShSet" EntityType="ZGR_MM_001_FIORI_SRV_01.MatklSh" sap:creatable="false" sap:updatable="false" sap:deletable="false" sap:pageable="false" sap:content-version="1"/>
                <EntitySet Name="MeinsShSet" EntityType="ZGR_MM_001_FIORI_SRV_01.MeinsSh" sap:creatable="false" sap:updatable="false" sap:deletable="false" sap:pageable="false" sap:content-version="1"/>
                <EntitySet Name="WaersShSet" EntityType="ZGR_MM_001_FIORI_SRV_01.WaersSh" sap:creatable="false" sap:updatable="false" sap:deletable="false" sap:pageable="false" sap:content-version="1"/>
                <EntitySet Name="SatListSet" EntityType="ZGR_MM_001_FIORI_SRV_01.SatList" sap:creatable="false" sap:updatable="false" sap:deletable="false" sap:pageable="false" sap:addressable="false" sap:content-version="1"/>
                <EntitySet Name="SATCreateAllSet" EntityType="ZGR_MM_001_FIORI_SRV_01.SATCreateAll" sap:creatable="false" sap:updatable="false" sap:deletable="false" sap:pageable="false" sap:content-version="1"/>
                <EntitySet Name="SatListDetailSet" EntityType="ZGR_MM_001_FIORI_SRV_01.SatListDetail" sap:creatable="false" sap:updatable="false" sap:deletable="false" sap:pageable="false" sap:addressable="false" sap:content-version="1"/>
                <EntitySet Name="TempNumberSet" EntityType="ZGR_MM_001_FIORI_SRV_01.TempNumber" sap:creatable="false" sap:updatable="false" sap:deletable="false" sap:pageable="false" sap:content-version="1"/>
                <EntitySet Name="DocumentSet" EntityType="ZGR_MM_001_FIORI_SRV_01.Document" sap:searchable="true" sap:requires-filter="true" sap:content-version="1"/>
                <EntitySet Name="ZLP_WAERSSet" EntityType="ZGR_MM_001_FIORI_SRV_01.ZLP_WAERS" sap:creatable="false" sap:updatable="false" sap:deletable="false" sap:pageable="false" sap:addressable="false" sap:content-version="1"/>
                <EntitySet Name="ZLP_KLM_LISTSet" EntityType="ZGR_MM_001_FIORI_SRV_01.ZLP_KLM_LIST" sap:creatable="false" sap:updatable="false" sap:deletable="false" sap:pageable="false" sap:addressable="false" sap:content-version="1"/>
                <EntitySet Name="ZLP_CHECK_GUIDSet" EntityType="ZGR_MM_001_FIORI_SRV_01.ZLP_CHECK_GUID" sap:creatable="false" sap:updatable="false" sap:deletable="false" sap:pageable="false" sap:addressable="false" sap:content-version="1"/>
                <EntitySet Name="ZLP_SAVESet" EntityType="ZGR_MM_001_FIORI_SRV_01.ZLP_SAVE" sap:creatable="false" sap:updatable="false" sap:deletable="false" sap:pageable="false" sap:addressable="false" sap:content-version="1"/>
                <EntitySet Name="ZLP_SAT_NOTSet" EntityType="ZGR_MM_001_FIORI_SRV_01.ZLP_SAT_NOT" sap:creatable="false" sap:updatable="false" sap:deletable="false" sap:pageable="false" sap:addressable="false" sap:content-version="1"/>
                <EntitySet Name="SatOnayMasterSet" EntityType="ZGR_MM_001_FIORI_SRV_01.SatOnayMaster" sap:creatable="false" sap:updatable="false" sap:deletable="false" sap:pageable="false" sap:content-version="1"/>
                <EntitySet Name="SatOnayDetailSet" EntityType="ZGR_MM_001_FIORI_SRV_01.SatOnayDetail" sap:creatable="false" sap:updatable="false" sap:deletable="false" sap:pageable="false" sap:content-version="1"/>
                <EntitySet Name="WerksShSet" EntityType="ZGR_MM_001_FIORI_SRV_01.WerksSh" sap:creatable="false" sap:updatable="false" sap:deletable="false" sap:pageable="false" sap:content-version="1"/>
                <AssociationSet Name="masterToDetailSet" Association="ZGR_MM_001_FIORI_SRV_01.masterToDetail" sap:creatable="false" sap:updatable="false" sap:deletable="false" sap:content-version="1">
                    <End EntitySet="SatOnayMasterSet" Role="FromRole_masterToDetail"/>
                    <End EntitySet="SatOnayDetailSet" Role="ToRole_masterToDetail"/>
                </AssociationSet>
            </EntityContainer>
            <atom:link
                xmlns:atom="http://www.w3.org/2005/Atom" rel="self" href="./sap/ZGR_MM_001_FIORI_SRV_01/$metadata"/>
                <atom:link
                    xmlns:atom="http://www.w3.org/2005/Atom" rel="latest-version" href="./sap/ZGR_MM_001_FIORI_SRV_01/$metadata"/>
                </Schema>
            </edmx:DataServices>
        </edmx:Edmx>