{
  "mockpreview": {
    "mockUri": "/sap/opu/odata/sap/ZGR_MM_001_FIORI_SRV_01",
    "metadataFilePath": "",
    "loadJSONFiles": false,
    "loadCustomRequests": false,
    "mockRequestsFilePath": ""
  },
  "deploy": {
    "destination": "BZK",
    "name": "ZGR_MM_SATCRT"
  },
  "projectType": [
    "sap.watt.uitools.ide.fiori",
    "com.watt.common.builder.sapui5clientbuild"
  ],
  "build": {
    "buildRequired": true,
    "targetFolder": "dist",
    "lastBuildDateTime": "Fri, 18 Feb 2022 13:07:01 GMT"
  },
  "generation": [
    {
      "templateId": "servicecatalog.connectivityComponent",
      "templateVersion": "0.0.0",
      "dateTimeStamp": "Thu, 27 Jan 2022 08:48:21 GMT"
    }
  ]
}