{
    "resources": [
        {
            "name": ".che/project.json"
        },
        {
            "name": "i18n/i18n.properties",
            "raw": "i18n/i18n.properties"
        },
        {
            "name": "Gruntfile.js"
        },
        {
            "name": ".user.project.json"
        },
        {
            "name": "manifest-bundle.zip"
        },
        {
            "name": "manifest.json"
        },
        {
            "name": "view/Message.fragment.xml"
        },
        {
            "name": "view/BusyDialog.fragment.xml"
        },
        {
            "name": "view/DialogWaers.fragment.xml"
        },
        {
            "name": "view/DialogMeins.fragment.xml"
        },
        {
            "name": "view/DialogMatkl.fragment.xml"
        },
        {
            "name": "view/Login.view.xml"
        },
        {
            "name": "view/NewPassword.fragment.xml"
        },
        {
            "name": "view/DialogKostl.fragment.xml"
        },
        {
            "name": "view/DialogTalepEden.fragment.xml"
        },
        {
            "name": "view/DialogPosid.fragment.xml"
        },
        {
            "name": "view/Main.view.xml"
        },
        {
            "name": "view/PersonelValueHelp.fragment.xml"
        },
        {
            "name": "view/DialogMatnr.fragment.xml"
        },
        {
            "name": "package.json"
        },
        {
            "name": "Component-preload.js",
            "merged": true
        },
        {
            "name": "di.code-validation.core_issues.json"
        },
        {
            "name": "css/style.css"
        },
        {
            "name": "Component.js"
        },
        {
            "name": "image/grebo_logo.png"
        },
        {
            "name": ".project.json"
        },
        {
            "name": "localService/metadata.xml"
        },
        {
            "name": "package-lock.json"
        },
        {
            "name": "test/testsuite.qunit.html"
        },
        {
            "name": "test/testsuite.qunit.js"
        },
        {
            "name": "test/unit/unitTests.qunit.js"
        },
        {
            "name": "test/unit/AllTests.js"
        },
        {
            "name": "test/unit/controller/Login.controller.js"
        },
        {
            "name": "test/unit/unitTests.qunit.html"
        },
        {
            "name": "test/integration/opaTests.qunit.html"
        },
        {
            "name": "test/integration/pages/Login.js"
        },
        {
            "name": "test/integration/opaTests.qunit.js"
        },
        {
            "name": "test/integration/AllJourneys.js"
        },
        {
            "name": "test/integration/arrangements/Startup.js"
        },
        {
            "name": "test/integration/NavigationJourney.js"
        },
        {
            "name": "model/models.js"
        },
        {
            "name": "model/formatter.js"
        },
        {
            "name": "resources/sap-ui-version.json"
        },
        {
            "name": "resources.json",
            "merged": true
        },
        {
            "name": "neo-app.json"
        },
        {
            "name": "controller/NewPassword.js"
        },
        {
            "name": "controller/Login.controller.js"
        },
        {
            "name": "controller/Main.controller.js"
        },
        {
            "name": "controller/BaseController.js"
        },
        {
            "name": "controller/PersonelValueHelp.js"
        },
        {
            "name": "controller/MessageDialog.js"
        },
        {
            "name": "index.html"
        },
        {
            "name": "PersonelValueHelp.js"
        }
    ]
}