{
  "mockpreview": {
    "mockUri": "/sap/opu/odata/sap/ZPM_COCKPIT_2_SRV",
    "metadataFilePath": "",
    "loadJSONFiles": false,
    "loadCustomRequests": false,
    "mockRequestsFilePath": ""
  },
  "deploy": {
    "destination": "BZK",
    "name": "ZPM_COCKPIT"
  },
  "projectType": [
    "sap.watt.uitools.ide.fiori",
    "com.watt.common.builder.sapui5clientbuild"
  ],
  "build": {
    "buildRequired": true,
    "targetFolder": "dist",
    "lastBuildDateTime": "Fri, 04 Feb 2022 14:27:58 GMT"
  },
  "generation": [
    {
      "templateId": "ui5template.basicSAPUI5ApplicationComponent",
      "templateVersion": "1.4.0",
      "dateTimeStamp": "Fri, 27 Apr 2018 05:46:54 GMT"
    },
    {
      "templateId": "servicecatalog.connectivityComponent",
      "templateVersion": "0.0.0",
      "dateTimeStamp": "Fri, 21 Sep 2018 08:22:18 GMT"
    }
  ],
  "hybrid": {
    "FacadeConfig": {
      "cordova-plugin-device-orientation": false,
      "accelerometer": {},
      "compass": {},
      "bFacade": true
    }
  },
  "translation": {
    "translationDomain": "",
    "supportedLanguages": "en,tr",
    "defaultLanguage": "tr",
    "defaultI18NPropertyFile": "",
    "resourceModelName": ""
  }
}