{
    "resources": [
        {
            "name": "manifest.json"
        },
        {
            "name": "Gruntfile.js"
        },
        {
            "name": "resources.json",
            "merged": true
        },
        {
            "name": "controller/S2.controller.js"
        },
        {
            "name": "controller/App.controller.js"
        },
        {
            "name": "controller/displayDetail.controller.js"
        },
        {
            "name": "controller/BaseController.js"
        },
        {
            "name": "controller/S1.controller.js"
        },
        {
            "name": "controller/CheckList.controller.js"
        },
        {
            "name": "css/style.css"
        },
        {
            "name": "image/bozankaya-logo.png"
        },
        {
            "name": "Component-preload.js",
            "merged": true
        },
        {
            "name": "favicon.ico"
        },
        {
            "name": "package.json"
        },
        {
            "name": "model/models.js"
        },
        {
            "name": "model/formatter.js"
        },
        {
            "name": "Component.js"
        },
        {
            "name": ".che/project.json"
        },
        {
            "name": "extended_runnable_file.html"
        },
        {
            "name": ".project.json"
        },
        {
            "name": "index.html"
        },
        {
            "name": "localService/ZPM_COCKPIT_SRV/metadata.xml"
        },
        {
            "name": "localService/ZPM_COCKPIT_2_SRV/metadata.xml"
        },
        {
            "name": "localService/metadata.xml"
        },
        {
            "name": "i18n/i18n.properties",
            "raw": "i18n/i18n.properties"
        },
        {
            "name": "i18n/i18n_en.properties",
            "raw": "i18n/i18n.properties"
        },
        {
            "name": "package-lock.json"
        },
        {
            "name": ".user.project.json"
        },
        {
            "name": "dist/di.code-validation.core_issues.json"
        },
        {
            "name": "view/IsiDevretDialog.fragment.xml"
        },
        {
            "name": "view/S2.view.xml"
        },
        {
            "name": "view/NotFound.view.xml"
        },
        {
            "name": "view/CheckList.view.xml"
        },
        {
            "name": "view/qmnumVH.fragment.xml"
        },
        {
            "name": "view/App.view.xml"
        },
        {
            "name": "view/designPopUp.fragment.xml"
        },
        {
            "name": "view/equnrVH.fragment.xml"
        },
        {
            "name": "view/consumePopUp.fragment.xml"
        },
        {
            "name": "view/newTransferDialog.fragment.xml"
        },
        {
            "name": "view/FabrikaVH.fragment.xml"
        },
        {
            "name": "view/fragments/isiTamamlaRecord.fragment.xml"
        },
        {
            "name": "view/fragments/sonBakimlar.fragment.xml"
        },
        {
            "name": "view/fragments/addDocument.fragment.xml"
        },
        {
            "name": "view/fragments/recordFinishWork.fragment.xml"
        },
        {
            "name": "view/fragments/aktivite.fragment.xml"
        },
        {
            "name": "view/fragments/listDocument.fragment.xml"
        },
        {
            "name": "view/fragments/record.fragment.xml"
        },
        {
            "name": "view/fragments/malzeme.fragment.xml"
        },
        {
            "name": "view/fragments/anket.fragment.xml"
        },
        {
            "name": "view/fragments/anketList.fragment.xml"
        },
        {
            "name": "view/fragments/zamanDevir.fragment.xml"
        },
        {
            "name": "view/fragments/tplnrVH.fragment.xml"
        },
        {
            "name": "view/fragments/bakimOnerileri.fragment.xml"
        },
        {
            "name": "view/fragments/finishWorkPopUp.fragment.xml"
        },
        {
            "name": "view/fragments/checkList.fragment.xml"
        },
        {
            "name": "view/fragments/genelBilgiler.fragment.xml"
        },
        {
            "name": "view/fragments/malzemeKodu.fragment.xml"
        },
        {
            "name": "view/fragments/qmnamVH.fragment.xml"
        },
        {
            "name": "view/newIncludeDialog.fragment.xml"
        },
        {
            "name": "view/displayDetail.view.xml"
        },
        {
            "name": "view/MessageList.fragment.xml"
        },
        {
            "name": "view/IseDahilEtDialog.fragment.xml"
        },
        {
            "name": "view/S1.view.xml"
        },
        {
            "name": "view/newCompleteDialog.fragment.xml"
        },
        {
            "name": "view/versionPopUp.fragment.xml"
        },
        {
            "name": "view/confirmPopUp.fragment.xml"
        },
        {
            "name": "neo-app.json"
        }
    ]
}