<edmx:Edmx
    xmlns:edmx="http://schemas.microsoft.com/ado/2007/06/edmx"
    xmlns:m="http://schemas.microsoft.com/ado/2007/08/dataservices/metadata"
    xmlns:sap="http://www.sap.com/Protocols/SAPData" Version="1.0">
    <edmx:DataServices m:DataServiceVersion="2.0">
        <Schema
            xmlns="http://schemas.microsoft.com/ado/2008/09/edm" Namespace="ZGR_MALZEME_NKL_BLG_SRV" xml:lang="tr" sap:schema-version="1">
            <EntityType Name="MatnrSh" sap:content-version="1">
                <Key>
                    <PropertyRef Name="Spras"/>
                    <PropertyRef Name="Matnr"/>
                </Key>
                <Property Name="Maktg" Type="Edm.String" Nullable="false" MaxLength="40" sap:label="Tanım" sap:creatable="false" sap:updatable="false" sap:sortable="false" sap:filterable="false"/>
                <Property Name="Spras" Type="Edm.String" Nullable="false" MaxLength="2" sap:label="Dil" sap:creatable="false" sap:updatable="false" sap:sortable="false" sap:filterable="false"/>
                <Property Name="Matnr" Type="Edm.String" Nullable="false" MaxLength="18" sap:label="Malzeme" sap:creatable="false" sap:updatable="false" sap:sortable="false" sap:filterable="false"/>
            </EntityType>
            <EntityType Name="List" sap:content-version="1">
                <Key>
                    <PropertyRef Name="Matnr"/>
                </Key>
                <Property Name="Aufnr" Type="Edm.String" Nullable="false" MaxLength="12" sap:label="Sipariş" sap:creatable="false" sap:updatable="false" sap:sortable="false" sap:filterable="false"/>
                <Property Name="Matnr" Type="Edm.String" Nullable="false" MaxLength="18" sap:label="Malzeme" sap:creatable="false" sap:updatable="false" sap:sortable="false" sap:filterable="false"/>
                <Property Name="Vbeln" Type="Edm.String" Nullable="false" MaxLength="10" sap:label="Satış belgesi" sap:creatable="false" sap:updatable="false" sap:sortable="false" sap:filterable="false"/>
                <Property Name="Posnr" Type="Edm.String" Nullable="false" MaxLength="6" sap:label="Kalem" sap:creatable="false" sap:updatable="false" sap:sortable="false" sap:filterable="false"/>
                <Property Name="Aciklama" Type="Edm.String" Nullable="false" sap:label="ACIKLAMA" sap:creatable="false" sap:updatable="false" sap:sortable="false" sap:filterable="false"/>
            </EntityType>
            <EntityType Name="AufnrSh" sap:content-version="1">
                <Key>
                    <PropertyRef Name="Aufnr"/>
                </Key>
                <Property Name="Plnbez" Type="Edm.String" Nullable="false" MaxLength="18" sap:creatable="false" sap:updatable="false" sap:sortable="false" sap:filterable="false"/>
                <Property Name="Plnnr" Type="Edm.String" Nullable="false" MaxLength="8" sap:creatable="false" sap:updatable="false" sap:sortable="false" sap:filterable="false"/>
                <Property Name="Plnal" Type="Edm.String" Nullable="false" MaxLength="2" sap:creatable="false" sap:updatable="false" sap:sortable="false" sap:filterable="false"/>
                <Property Name="Aufnr" Type="Edm.String" Nullable="false" MaxLength="12" sap:creatable="false" sap:updatable="false" sap:sortable="false" sap:filterable="false"/>
            </EntityType>
            <EntityContainer Name="ZGR_MALZEME_NKL_BLG_SRV_Entities" m:IsDefaultEntityContainer="true" sap:supported-formats="atom json xlsx">
                <EntitySet Name="MatnrShSet" EntityType="ZGR_MALZEME_NKL_BLG_SRV.MatnrSh" sap:creatable="false" sap:updatable="false" sap:deletable="false" sap:pageable="false" sap:content-version="1"/>
                <EntitySet Name="ListSet" EntityType="ZGR_MALZEME_NKL_BLG_SRV.List" sap:creatable="false" sap:updatable="false" sap:deletable="false" sap:pageable="false" sap:content-version="1"/>
                <EntitySet Name="AufnrShSet" EntityType="ZGR_MALZEME_NKL_BLG_SRV.AufnrSh" sap:creatable="false" sap:updatable="false" sap:deletable="false" sap:pageable="false" sap:content-version="1"/>
            </EntityContainer>
            <atom:link
                xmlns:atom="http://www.w3.org/2005/Atom" rel="self" href="./sap/ZGR_MALZEME_NKL_BLG_SRV/$metadata"/>
                <atom:link
                    xmlns:atom="http://www.w3.org/2005/Atom" rel="latest-version" href="./sap/ZGR_MALZEME_NKL_BLG_SRV/$metadata"/>
                </Schema>
            </edmx:DataServices>
        </edmx:Edmx>