{
    "resources": [
        {
            "name": "controller/NewPassword.js"
        },
        {
            "name": "controller/Login.controller.js"
        },
        {
            "name": "controller/BaseController.js"
        },
        {
            "name": "controller/Main.controller.js"
        },
        {
            "name": "controller/PersonelSearchHelp.js"
        },
        {
            "name": "manifest.json"
        },
        {
            "name": "Component-preload.js",
            "merged": true
        },
        {
            "name": "index.html"
        },
        {
            "name": "model/formatter.js"
        },
        {
            "name": "model/models.js"
        },
        {
            "name": "neo-app.json"
        },
        {
            "name": "resources.json",
            "merged": true
        },
        {
            "name": "localService/metadata.xml"
        },
        {
            "name": "css/style.css"
        },
        {
            "name": "i18n/i18n.properties",
            "raw": "i18n/i18n.properties"
        },
        {
            "name": "view/PersonelSearchHelp.fragment.xml"
        },
        {
            "name": "view/Login.view.xml"
        },
        {
            "name": "view/Main.view.xml"
        },
        {
            "name": "view/NewPassword.fragment.xml"
        },
        {
            "name": ".project.json"
        },
        {
            "name": "Component.js"
        }
    ]
}