<edmx:Edmx Version="1.0"
    xmlns:edmx="http://schemas.microsoft.com/ado/2007/06/edmx"
    xmlns:m="http://schemas.microsoft.com/ado/2007/08/dataservices/metadata"
    xmlns:sap="http://www.sap.com/Protocols/SAPData">
    <edmx:DataServices m:DataServiceVersion="2.0">
        <Schema Namespace="ZBZ_PP_URUN_AGAC_SRV" xml:lang="tr" sap:schema-version="1"
            xmlns="http://schemas.microsoft.com/ado/2008/09/edm">
            <EntityType Name="UrunAgac" sap:content-version="1">
                <Key>
                    <PropertyRef Name="Stufe"/>
                    <PropertyRef Name="Wegxx"/>
                </Key>
                <Property Name="Stufe" Type="Edm.Decimal" Nullable="false" Precision="2" Scale="0" sap:label="Düzey" sap:creatable="false" sap:updatable="false" sap:sortable="false" sap:filterable="false"/>
                <Property Name="Wegxx" Type="Edm.Decimal" Nullable="false" Precision="4" Scale="0" sap:label="Yol (önceki)" sap:creatable="false" sap:updatable="false" sap:sortable="false" sap:filterable="false"/>
                <Property Name="Matnr" Type="Edm.String" Nullable="false" MaxLength="18" sap:label="Malzeme" sap:creatable="false" sap:updatable="false" sap:sortable="false" sap:filterable="false"/>
                <Property Name="Maktx" Type="Edm.String" Nullable="false" MaxLength="40" sap:label="Tanım" sap:creatable="false" sap:updatable="false" sap:sortable="false" sap:filterable="false"/>
                <Property Name="Dglvl" Type="Edm.String" Nullable="false" MaxLength="10" sap:label="Kademe no." sap:creatable="false" sap:updatable="false" sap:sortable="false" sap:filterable="false"/>
                <Property Name="Dobjt" Type="Edm.String" Nullable="false" MaxLength="40" sap:label="Bileşen no." sap:creatable="false" sap:updatable="false" sap:sortable="false" sap:filterable="false"/>
                <Property Name="Ojtxp" Type="Edm.String" Nullable="false" MaxLength="40" sap:label="Tanım" sap:creatable="false" sap:updatable="false" sap:sortable="false" sap:filterable="false"/>
                <Property Name="Mngko" Type="Edm.Decimal" Nullable="false" Precision="13" Scale="3" sap:unit="Meins" sap:label="Miktar (BÖB)" sap:creatable="false" sap:updatable="false" sap:sortable="false" sap:filterable="false"/>
                <Property Name="Meins" Type="Edm.String" Nullable="false" MaxLength="3" sap:label="Temel ölçü brm." sap:creatable="false" sap:updatable="false" sap:sortable="false" sap:filterable="false" sap:semantics="unit-of-measure"/>
                <Property Name="Dispo" Type="Edm.String" Nullable="false" MaxLength="3" sap:label="MİP sorumlusu" sap:creatable="false" sap:updatable="false" sap:sortable="false" sap:filterable="false"/>
                <Property Name="Datuv" Type="Edm.DateTime" Nullable="false" Precision="7" sap:label="Gçrl.başlangıcı" sap:creatable="false" sap:updatable="false" sap:sortable="false" sap:filterable="false"/>
                <Property Name="Datub" Type="Edm.DateTime" Nullable="false" Precision="7" sap:label="Geçerlik sonu" sap:creatable="false" sap:updatable="false" sap:sortable="false" sap:filterable="false"/>
                <Property Name="Lgpro" Type="Edm.String" Nullable="false" MaxLength="4" sap:label="Üretim depo yr." sap:creatable="false" sap:updatable="false" sap:sortable="false" sap:filterable="false"/>
                <Property Name="Beskz" Type="Edm.String" Nullable="false" MaxLength="1" sap:label="Tedarik" sap:creatable="false" sap:updatable="false" sap:sortable="false" sap:filterable="false"/>
            </EntityType>
            <EntityContainer Name="ZBZ_PP_URUN_AGAC_SRV_Entities" m:IsDefaultEntityContainer="true" sap:supported-formats="atom json xlsx">
                <EntitySet Name="UrunAgacSet" EntityType="ZBZ_PP_URUN_AGAC_SRV.UrunAgac" sap:creatable="false" sap:updatable="false" sap:deletable="false" sap:pageable="false" sap:content-version="1"/>
            </EntityContainer>
            <atom:link rel="self" href="./sap/ZBZ_PP_URUN_AGAC_SRV/$metadata"
                xmlns:atom="http://www.w3.org/2005/Atom"/>
                <atom:link rel="latest-version" href="./sap/ZBZ_PP_URUN_AGAC_SRV/$metadata"
                    xmlns:atom="http://www.w3.org/2005/Atom"/>
                </Schema>
            </edmx:DataServices>
        </edmx:Edmx>