<core:FragmentDefinition xmlns="sap.m" xmlns:f="sap.ui.layout.form" xmlns:core="sap.ui.core">
	<Dialog title="Şifre Değiştir" id="idDialog">
		<content>
			<f:SimpleForm id="SimpleFormDisplay354" minWidth="1024" maxContainerCols="2" editable="false" layout="ResponsiveGridLayout" title=""
				labelSpanL="3" labelSpanM="3" emptySpanL="4" emptySpanM="4" columnsL="1" columnsM="1">
				<f:content>
					<HBox>
						<Button icon="sap-icon://hint"></Button>
						<Text text="Hesabınız aktif duruma getirilmesi için standart şifrenizi değiştiriniz" class="opacity sapUiMediumMarginBegin"/> 
					</HBox>
					<Label text="" design="Bold"/>
					<Label text="Eski Şifre" design="Bold"/>
					<Input class="" type="Password" id="oldpass" textAlign="Center"/>
					<Label text="Yeni Şifre" design="Bold"/>
					<Input class="" maxLength="8" type="Password" id="newpass" textAlign="Center"/>
					<Label text="Yeni Şifre Tekrar" design="Bold"/>
					<Input class="" maxLength="8" type="Password" id="newpassagain" textAlign="Center"/>
				</f:content>
			</f:SimpleForm>
		</content>
		<HBox justifyContent="Center">
			<Button text="Güncelle" id="buttonGuncelle" press="updateRecordpass" type="Accept" icon="sap-icon://sys-enter"
				class="sapUiTinyMarginBeginEnd"/>
			<Button text="İptal" press="closeFragment" type="Emphasized" icon="sap-icon://sys-cancel-2" class="sapUiTinyMarginBeginEnd"/>
		</HBox>
	</Dialog>
</core:FragmentDefinition>