<core:FragmentDefinition xmlns="sap.m" xmlns:core="sap.ui.core">
	<Dialog id="personelVHDialog" contentWidth="30rem" title="Denetim Aksiyon Durum Arama Yardımı" afterClose="onDialogAfterClose">
		<Table id="DenetimDurumTable" items="{ path: '/denetimAksiyon_searchSet'}" noDataText="Veri Bulunamadı..." growing="true" growingScrollToLoad="true">
			<columns>
				<Column minScreenWidth="Tablet" demandPopin="true">
					<Text text="Denetim Aksiyon Kod"/>
				</Column>
				<Column minScreenWidth="Tablet" demandPopin="true">
					<Text text="Denetim Aksiyon Tanımı"/>
				</Column>
			</columns>
			<items>
				<ColumnListItem type="Active" press="onSearchHelpItemSelect">
					<cells>
						<Text text="{AksiyonDurumu}"/>
						<Text text="{AksiyonTanim}"/>
					</cells>
				</ColumnListItem>
			</items>
		</Table>
		<beginButton>
			<Button text="Kapat" press="onCloseFragment" id="denetimAksiyonCloseID" icon="sap-icon://decline"/>
		</beginButton>
	</Dialog>
</core:FragmentDefinition>