<core:FragmentDefinition xmlns="sap.m" xmlns:core="sap.ui.core">
	<Dialog id="personelVHDialog" contentWidth="30rem" title="Denetim Durum Arama Yardımı" afterClose="onDialogAfterClose">
		<Table id="denetimDurumTable" items="{ path: '/denetimDurum_searchSet'}" noDataText="Veri Bulunamadı..." growing="true" growingScrollToLoad="true">
			<columns>
				<Column minScreenWidth="Tablet" demandPopin="true">
					<Text text="Denetim Durum Kod"/>
				</Column>
				<Column minScreenWidth="Tablet" demandPopin="true">
					<Text text="Denetim Durum Tanımı"/>
				</Column>
			</columns>
			<items>
				<ColumnListItem type="Active" press="onSearchHelpItemSelect">
					<cells>
						<Text text="{DenetimDurumu}"/>
						<Text text="{DenetimTanim}"/>
					</cells>
				</ColumnListItem>
			</items>
		</Table>
		<beginButton>
			<Button text="Kapat" press="onCloseFragment" id="denetimDurumCloseID" icon="sap-icon://decline"/>
		</beginButton>
	</Dialog>
</core:FragmentDefinition>