<core:FragmentDefinition xmlns="sap.m" xmlns:core="sap.ui.core" xmlns:l="sap.ui.layout" xmlns:f="sap.ui.layout.form"
	xmlns:table="sap.ui.table">
	<Dialog id="personelVHDialog" contentWidth="30rem" title="Diğer Sertifika Türleri" afterClose="onDialogAfterClose">
		<Table id="personelVHTable" items="{ path: '/digerSert_searchSet'}" noDataText="Veri Bulunamadı">
			<headerToolbar>
				<Toolbar>
					<ToolbarSpacer/>
					<SearchField id="sertSearchField" placeholder="Ara..." search="onSertTableSearch"/>
				</Toolbar>
			</headerToolbar>
			<columns>
				<Column minScreenWidth="Tablet" demandPopin="true">
					<Text text="Sertifika Türleri"/>
				</Column>
			</columns>
			<items>
				<ColumnListItem type="Active" press="onItemSelect">
					<cells>
						<Text text="{sertifikaTuru}"/>
					</cells>
				</ColumnListItem>
			</items>
		</Table>
		<beginButton>
			<Button text="Kapat" id="digerSertButon" press="onCloseFragment" icon="sap-icon://decline"/>
		</beginButton>
	</Dialog>
</core:FragmentDefinition>