<core:FragmentDefinition xmlns="sap.m" xmlns:core="sap.ui.core" xmlns:l="sap.ui.layout" xmlns:f="sap.ui.layout.form"
	xmlns:table="sap.ui.table">
	<Dialog id="personelVHDialog" contentWidth="30rem" title="SAS Numarası Arama Yardımı" afterClose="onDialogAfterClose">
		<Table id="ebelnTable" items="{ path: '/ebeln_searchSet'}" noDataText="Veri Bulunamadı..." growing="true" growingScrollToLoad="true" >
			<headerToolbar>
				<Toolbar>
					<ToolbarSpacer/>
					<SearchField id="ebelnSearchField" placeholder="Ara..." search="onEbelnTableSearch"/>
				</Toolbar>
			</headerToolbar>
			<columns>
				<Column minScreenWidth="Tablet" demandPopin="true">
					<Text text="SAS Numarası"/>
				</Column>
			</columns>
			<items>
				<ColumnListItem type="Active" press="onSearchHelpItemSelect">
					<cells>
						<Text text="{Ebeln}"/>
					</cells>
				</ColumnListItem>
			</items>
		</Table>
		<beginButton>
			<Button text="Kapat" press="onCloseFragment" id="ebelnCloseID" icon="sap-icon://decline"/>
		</beginButton>
	</Dialog>
</core:FragmentDefinition>