<core:FragmentDefinition xmlns="sap.m" xmlns:core="sap.ui.core">
	<Dialog id="personelVHDialog" contentWidth="30rem" title="FAI Aksiyon Durum Arama Yardımı" afterClose="onDialogAfterClose">
		<Table id="faiDurumTable" items="{ path: '/faiAksiyon_searchSet'}" noDataText="Veri Bulunamadı..." growing="true" growingScrollToLoad="true">
			<columns>
				<Column minScreenWidth="Tablet" demandPopin="true">
					<Text text="FAI Durum Kod"/>
				</Column>
				<Column minScreenWidth="Tablet" demandPopin="true">
					<Text text="FAI Durum Tanımı"/>
				</Column>
			</columns>
			<items>
				<ColumnListItem type="Active" press="onSearchHelpItemSelect">
					<cells>
						<Text text="{FaiAksiyonKod}"/>
						<Text text="{FaiAksiyonTanim}"/>
					</cells>
				</ColumnListItem>
			</items>
		</Table>
		<beginButton>
			<Button text="Kapat" press="onCloseFragment" id="faiAksiyonCloseID" icon="sap-icon://decline"/>
		</beginButton>
	</Dialog>
</core:FragmentDefinition>