<core:FragmentDefinition xmlns="sap.m" xmlns:f="sap.ui.layout.form" xmlns:core="sap.ui.core">
	<Dialog title="Dosya Yükleme Yardımcısı" id="idDialog" xmlns:ui="sap.ui.unified">
		<content>
			<f:SimpleForm id="SimpleFormDisplay354" minWidth="1024" maxContainerCols="2" editable="false" layout="ResponsiveGridLayout" title=""
				labelSpanL="3" labelSpanM="3" emptySpanL="4" emptySpanM="4" columnsL="1" columnsM="1">
				<f:content>
					<HBox>
						<Button icon="sap-icon://hint"></Button>
						<Text text="Dosya Yükleme Ekranı" class="opacity sapUiMediumMarginBegin"/>
					</HBox>
					<ui:FileUploader id="belgeFileUploader" mimetype="application/pdf" name="myFileUpload"
						uploadUrl="/sap/opu/odata/sap/ZANKA_TEDARIKCI_PORTAL_SRV/firma_dokumanSet" useMultipart="false" sendXHR="true" tooltip="Dosya Yükle"
						uploadComplete="handleUploadComplete"/>
				</f:content>
			</f:SimpleForm>
		</content>
		<HBox justifyContent="Center">
			<Button text="Dosya Yükle" id="buttonDosyaYukle" press="uploadNewDocument" type="Accept" icon="sap-icon://sys-enter"
				class="sapUiTinyMarginBeginEnd"/>
			<Button text="Çıkış" id="dosyaYukleButon" press="onCloseFragment" type="Emphasized" icon="sap-icon://sys-cancel-2"
				class="sapUiTinyMarginBeginEnd"/>
		</HBox>
	</Dialog>
</core:FragmentDefinition>