<core:FragmentDefinition xmlns:m="sap.m" xmlns:core="sap.ui.core" xmlns:l="sap.ui.layout" xmlns:f="sap.ui.layout.form" xmlns="sap.ui.table">
	<m:Dialog id="personelVHDialog" contentWidth="30rem" title="Faaliyet Alanları" afterClose="onDialogAfterClose">
		<Table id="faaliyetVHTable" rows="{ path: '/firma_faaliyetSet'}" selectionMode="MultiToggle" selectionBehavior="Row"
			 visibleRowCount="100" ariaLabelledBy="title" >
			<columns>
				<Column>
					<m:Label text="Faaliyet"/>
					<template>
						<m:Text text="{Faaliyet}" wrapping="false"/>
					</template>
				</Column>
			</columns>
		</Table>
		<m:beginButton>
			<m:Button text="Seçilenleri Ekle" press="onFaaliyetItemSelect" id="firmaSelectedFaaliyetID" type="Accept" icon="sap-icon://accept"/>
		</m:beginButton>
		<m:endButton>
			<m:Button text="Kapat" press="onCloseFragment" id="firmaFaaliyetID" type="Reject" icon="sap-icon://decline"/>
		</m:endButton>
	</m:Dialog>
</core:FragmentDefinition>