<core:FragmentDefinition xmlns="sap.m" xmlns:core="sap.ui.core" xmlns:l="sap.ui.layout" xmlns:f="sap.ui.layout.form"
	xmlns:table="sap.ui.table">
	<SelectDialog id="hbrAciklamaTuruCloseID" title="HBR Hata Türü Arama Yardımı" items="{/hbrAciklamaTuru_searchSet}"
		search="onHbrAciklamaTuruSearch" confirmButtonText="Seçilenler Ekle" noDataText="Veri Bulunamadı..." confirm="onSearchHelpItemSelect"
		multiSelect="true" showClearButton="true" cancel="onCloseFragment" rememberSelections="true">
		<StandardListItem iconDensityAware="false" iconInset="false" Key="{HataTuru}" title="{HataTuru}-{hbrAciklamaTuru}" type="Active"/>
	</SelectDialog>
</core:FragmentDefinition>
<!--<core:FragmentDefinition xmlns="sap.m" xmlns:core="sap.ui.core" xmlns:l="sap.ui.layout" xmlns:f="sap.ui.layout.form"-->
<!--	xmlns:table="sap.ui.table">-->
<!--	<Dialog id="personelVHDialog" contentWidth="30rem" title="HBR Hata Türü Arama Yardımı" afterClose="onDialogAfterClose">-->
<!--		<Table id="hbrAciklamaTuruTable" items="{ path: '/hbrAciklamaTuru_searchSet'}" noDataText="Veri Bulunamadı..." growing="true" growingScrollToLoad="true">-->
<!--			<headerToolbar>-->
<!--				<Toolbar>-->
<!--					<ToolbarSpacer/>-->
<!--					<SearchField id="hbrAciklamaTuruSearchField" placeholder="Ara..." search="onHbrAciklamaTuruTableSearch"/>-->
<!--				</Toolbar>-->
<!--			</headerToolbar>-->
<!--			<columns>-->
<!--				<Column minScreenWidth="Tablet" demandPopin="true">-->
<!--					<Text text="HBR Hata Türü"/>-->
<!--				</Column>-->
<!--				<Column minScreenWidth="Tablet" demandPopin="true">-->
<!--					<Text text="HBR Hata Açıklama"/>-->
<!--				</Column>-->
<!--			</columns>-->
<!--			<items>-->
<!--				<ColumnListItem type="Active" press="onSearchHelpItemSelect">-->
<!--					<cells>-->
<!--						<Text text="{HataTuru}"/>-->
<!--						<Text text="{hbrAciklamaTuru}"/>-->
<!--					</cells>-->
<!--				</ColumnListItem>-->
<!--			</items>-->
<!--		</Table>-->
<!--		<beginButton>-->
<!--			<Button text="Kapat" press="onCloseFragment" id="hbrAciklamaTuruCloseID" icon="sap-icon://decline"/>-->
<!--		</beginButton>-->
<!--	</Dialog>-->
<!--</core:FragmentDefinition>-->