<core:FragmentDefinition xmlns="sap.m" xmlns:core="sap.ui.core" xmlns:l="sap.ui.layout" xmlns:f="sap.ui.layout.form"
	xmlns:table="sap.ui.table">
	<Dialog id="personelVHDialog" contentWidth="30rem" title="HBR Durumu Arama Yardımı" afterClose="onDialogAfterClose">
		<Table id="hbrDurumuTable" items="{ path: '/hbrDurum_searchSet'}" noDataText="Veri Bulunamadı..." growing="true" growingScrollToLoad="true">
			<headerToolbar>
				<Toolbar>
					<ToolbarSpacer/>
					<!--<SearchField id="hbrDurumuSearchField" placeholder="Ara..." search="onHbrAciklamaTuruTableSearch"/>-->
				</Toolbar>
			</headerToolbar>
			<columns>
				<Column minScreenWidth="Tablet" demandPopin="true">
					<Text text="HBR Durumu ID"/>
				</Column>
				<Column minScreenWidth="Tablet" demandPopin="true">
					<Text text="HBR Durumu Açıklama"/>
				</Column>
			</columns>
			<items>
				<ColumnListItem type="Active" press="onSearchHelpItemSelect">
					<cells>
						<Text text="{HbrDurumID}"/>
						<Text text="{HbrDurumAciklama}"/>
					</cells>
				</ColumnListItem>
			</items>
		</Table>
		<beginButton>
			<Button text="Kapat" press="onCloseFragment" id="hbrDurumuCloseID" icon="sap-icon://decline"/>
		</beginButton>
	</Dialog>
</core:FragmentDefinition>