<core:FragmentDefinition xmlns="sap.m" xmlns:core="sap.ui.core" xmlns:l="sap.ui.layout" xmlns:f="sap.ui.layout.form"
	xmlns:table="sap.ui.table">
	<Dialog id="personelVHDialog" contentWidth="30rem" title="HBR Parça Onay Durumu Arama Yardımı" afterClose="onDialogAfterClose">
		<Table id="hbrParcaOnayTable" items="{ path: '/hbrParcaOnay_searcSet'}" noDataText="Veri Bulunamadı..." growing="true" growingScrollToLoad="true">
			<headerToolbar>
				<Toolbar>
					<ToolbarSpacer/>
					<SearchField id="hbrParcaOnaySearchField" placeholder="Ara..." search="onHbrParcaOnayTableSearch"/>
				</Toolbar>
			</headerToolbar>
			<columns>
				<Column minScreenWidth="Tablet" demandPopin="true">
					<Text text="Parça Onay Durumu"/>
				</Column>
				<Column minScreenWidth="Tablet" demandPopin="true">
					<Text text="Parça Onay Açıklama"/>
				</Column>
			</columns>
			<items>
				<ColumnListItem type="Active" press="onSearchHelpItemSelect">
					<cells>
						<Text text="{ParcaOnayDurumu}"/>
						<Text text="{ParcaOnayAciklama}"/>
					</cells>
				</ColumnListItem>
			</items>
		</Table>
		<beginButton>
			<Button text="Kapat" press="onCloseFragment" id="hbrParcaOnayCloseID" icon="sap-icon://decline"/>
		</beginButton>
	</Dialog>
</core:FragmentDefinition>