<core:FragmentDefinition xmlns="sap.m" xmlns:core="sap.ui.core">
	<Dialog id="personelVHDialog" contentWidth="30rem" title="Tedarikçi Arama Yardımı" afterClose="onDialogAfterClose">
		<Table id="lifnrTable" items="{ path: '/lifnr_searchSet'}" noDataText="Tedarikçi Ara..." growing="true" growingScrollToLoad="true"
			growingThreshold="40">
			<headerToolbar>
				<Toolbar>
					<ToolbarSpacer/>
					<SearchField id="lifnrSearchField" placeholder="Ara..." search="onLifnrTableSearch"/>
				</Toolbar>
			</headerToolbar>
			<columns>
				<Column minScreenWidth="Tablet" demandPopin="true">
					<Text text="Firma Kod"/>
				</Column>
				<Column minScreenWidth="Tablet" demandPopin="true">
					<Text text="Firma Tanımı"/>
				</Column>
			</columns>
			<items>
				<ColumnListItem type="Active" press="onSearchHelpItemSelect">
					<cells>
						<Text text="{Lifnr}"/>
						<Text text="{Mcod1}"/>
					</cells>
				</ColumnListItem>
			</items>
		</Table>
		<beginButton>
			<Button text="Kapat" press="onCloseFragment" id="lifnrCloseID" icon="sap-icon://decline"/>
		</beginButton>
	</Dialog>
</core:FragmentDefinition>