<core:FragmentDefinition xmlns="sap.m" xmlns:core="sap.ui.core" xmlns:l="sap.ui.layout" xmlns:f="sap.ui.layout.form"
	xmlns:table="sap.ui.table">
	<Dialog id="personelVHDialog" contentWidth="30rem" title="Malzeme Arama Yardımı" afterClose="onDialogAfterClose">
		<Table id="matnrTable" items="{ path: '/matnr_searchSet'}" noDataText="Lütfen seçmek istediğiniz malzemeyi arayın.." growing="true" growingScrollToLoad="true" >
			<headerToolbar>
				<Toolbar>
					<ToolbarSpacer/>
					<SearchField id="matnrSearchField" placeholder="Ara..." search="onMatnrTableSearch"/>
				</Toolbar>
			</headerToolbar>
			<columns>
				<Column minScreenWidth="Tablet" demandPopin="true">
					<Text text="Parça Numarası"/>
				</Column>
				<Column minScreenWidth="Tablet" demandPopin="true">
					<Text text="Parça Açıklaması"/>
				</Column>
			</columns>
			<items>
				<ColumnListItem type="Active" press="onSearchHelpItemSelect">
					<cells>
						<Text text="{Matnr}"/>
						<Text text="{Maktx}"/>
					</cells>
				</ColumnListItem>
			</items>
		</Table>
		<beginButton>
			<Button text="Kapat" press="onCloseFragment" id="matnrCloseID" icon="sap-icon://decline"/>
		</beginButton>
	</Dialog>
</core:FragmentDefinition>