<core:FragmentDefinition xmlns="sap.m" xmlns:core="sap.ui.core" xmlns:l="sap.ui.layout" xmlns:f="sap.ui.layout.form"
	xmlns:table="sap.ui.table">
	<Dialog id="personelVHDialog" contentWidth="30rem" title="Proje Kodu Arama Yardımı" afterClose="onDialogAfterClose">
		<Table id="pspnrTable" items="{ path: '/pspnr_searchSet'}" noDataText="Veri Bulunamadı..." growing="true" growingScrollToLoad="true">
			<headerToolbar>
				<Toolbar>
					<ToolbarSpacer/>
					<SearchField id="pspnrSearchField" placeholder="Ara..." search="onPspnrTableSearch"/>
				</Toolbar>
			</headerToolbar>
			<columns>
				<Column minScreenWidth="Tablet" demandPopin="true">
					<Text text="Proje Kodu"/>
				</Column>
				<Column minScreenWidth="Tablet" demandPopin="true">
					<Text text="Proje Tanımı"/>
				</Column>
			</columns>
			<items>
				<ColumnListItem type="Active" press="onSearchHelpItemSelect">
					<cells>
						<Text text="{Pspnr}"/>
						<Text text="{Post1}"/>
					</cells>
				</ColumnListItem>
			</items>
		</Table>
		<beginButton>
			<Button text="Kapat" press="onCloseFragment" id="pspnrCloseID" icon="sap-icon://decline"/>
		</beginButton>
	</Dialog>
</core:FragmentDefinition>