<core:FragmentDefinition xmlns="sap.m" xmlns:core="sap.ui.core" xmlns:l="sap.ui.layout" xmlns:f="sap.ui.layout.form"
	xmlns:table="sap.ui.table">
	<Dialog id="personelVHDialog" contentWidth="30rem" title="Tedarikçi Onay Durumu Seçimi" afterClose="onDialogAfterClose">
		<Table id="personelVHTable" items="{ path: '/tedarikciOnay_searchSet'}" noDataText="Veri Bulunamadı">
			<headerToolbar>
				<Toolbar>
					<ToolbarSpacer/>
					<SearchField id="personelSearchField" placeholder="Ara..." search="onPersonelTableSearch"/>
				</Toolbar>
			</headerToolbar>
			<columns>
				<Column minScreenWidth="Tablet" demandPopin="true">
					<Text text="Onay Kodu"/>
				</Column>
				<Column minScreenWidth="Tablet" demandPopin="true">
					<Text text="Onay Metin"/>
				</Column>
			</columns>
			<items>
				<ColumnListItem type="Active" press="onTedarikOnayItemSelect">
					<cells>
						<Text text="{OnayID}"/>
						<Text text="{OnayMetin}"/>
					</cells>
				</ColumnListItem>
				<!--<ColumnListItem type="Active" press="onTedarikOnayItemSelect">-->
				<!--	<cells>-->
				<!--		<Text text=" "/>-->
				<!--		<Text text="Onay Bekliyor"/>-->
				<!--	</cells>-->
				<!--</ColumnListItem>-->
				<!--<ColumnListItem type="Active" press="onTedarikOnayItemSelect">-->
				<!--	<Text text="1"/>-->
				<!--	<Text text="Onaylı"/>-->
				<!--</ColumnListItem>-->
				<!--<ColumnListItem type="Active" press="onTedarikOnayItemSelect">-->
				<!--	<cells>-->
				<!--		<Text text="2"/>-->
				<!--		<Text text="Şartlı Onaylı"/>-->
				<!--	</cells>-->
				<!--</ColumnListItem>-->
				<!--<ColumnListItem type="Active" press="onTedarikOnayItemSelect">-->
				<!--	<cells>-->
				<!--		<Text text="3"/>-->
				<!--		<Text text="Red"/>-->
				<!--	</cells>-->
				<!--</ColumnListItem>-->
			</items>
		</Table>
		<beginButton>
			<Button text="Kapat" press="onCloseFragment" id="tedarikciOnayID" icon="sap-icon://decline"/>
		</beginButton>
	</Dialog>
</core:FragmentDefinition>