<core:FragmentDefinition xmlns="sap.m" xmlns:f="sap.ui.layout.form" xmlns:core="sap.ui.core">
	<Dialog title="Kullanıcı Bilgileri" id="idDialog">
		<content>
			<f:SimpleForm id="SimpleFormDisplay354" minWidth="1024" maxContainerCols="2" editable="false" layout="ResponsiveGridLayout" title=""
				labelSpanL="3" labelSpanM="3" emptySpanL="4" emptySpanM="4" columnsL="1" columnsM="1">
				<f:content>
					<HBox>
						<Button icon="sap-icon://hint"></Button>
						<Text text="Hesap Bilgileri" class="opacity sapUiMediumMarginBegin"/> 
					</HBox>
					<Label text="" design="Bold"/>
					<Label text="Kullanıcı Adı" design="Bold"/>
					<Input class="" type="text" id="username" textAlign="Center" editable="false" value="{oUserInfoModel>/Username}" />
					<Label text="Parola" design="Bold"/>
					<Input class="" maxLength="8" type="Password" id="password" textAlign="Center" value="{oUserInfoModel>/Password}"/>
					<Label text="Mail Adresi" design="Bold"/>
					<Input class="" maxLength="50" type="text" id="mail" textAlign="Center" value="{oUserInfoModel>/Mail}"/>
				</f:content>
			</f:SimpleForm>
		</content>
		<HBox justifyContent="Center">
			<Button text="Bilgileri Güncelle" id="buttonGuncelle" press="updateUserInfo" type="Accept" icon="sap-icon://sys-enter"
				class="sapUiTinyMarginBeginEnd"/>
			<Button text="İptal" press="onCloseFragment" id="userInfoID" type="Emphasized" icon="sap-icon://sys-cancel-2" class="sapUiTinyMarginBeginEnd"/>
		</HBox>
	</Dialog>
</core:FragmentDefinition>