{
    "resources": [
        {
            "name": ".che/project.json"
        },
        {
            "name": ".gitignore"
        },
        {
            "name": ".project.json"
        },
        {
            "name": ".user.project.json"
        },
        {
            "name": "Component-preload.js",
            "merged": true
        },
        {
            "name": "Component.js"
        },
        {
            "name": "Gruntfile.js"
        },
        {
            "name": "controller/App.controller.js"
        },
        {
            "name": "controller/BaseController.js"
        },
        {
            "name": "controller/BukrsVH.js"
        },
        {
            "name": "controller/CreateTicket.js"
        },
        {
            "name": "controller/Detail.controller.js"
        },
        {
            "name": "controller/EditTicket.js"
        },
        {
            "name": "controller/ErrorHandler.js"
        },
        {
            "name": "controller/ListSelector.js"
        },
        {
            "name": "controller/Login.controller.js"
        },
        {
            "name": "controller/Master.controller.js"
        },
        {
            "name": "controller/MasterFilterDialog.js"
        },
        {
            "name": "controller/NewPassword.js"
        },
        {
            "name": "controller/OncelikKoduVH.js"
        },
        {
            "name": "controller/PersonelValueHelp.js"
        },
        {
            "name": "dist"
        },
        {
            "name": "i18n/i18n.properties",
            "raw": "i18n/i18n.properties"
        },
        {
            "name": "index.html"
        },
        {
            "name": "localService/metadata.xml"
        },
        {
            "name": "localService/mockserver.js"
        },
        {
            "name": "manifest.json"
        },
        {
            "name": "model/formatter.js"
        },
        {
            "name": "model/models.js"
        },
        {
            "name": "neo-app.json"
        },
        {
            "name": "node_modules"
        },
        {
            "name": "package-lock.json"
        },
        {
            "name": "package.json"
        },
        {
            "name": "resources.json",
            "merged": true
        },
        {
            "name": "sap-ui-cachebuster-info.json"
        },
        {
            "name": "view/App.view.xml"
        },
        {
            "name": "view/BukrsVH.fragment.xml"
        },
        {
            "name": "view/CreateTicket.fragment.xml"
        },
        {
            "name": "view/Detail.view.xml"
        },
        {
            "name": "view/DetailNoObjectsAvailable.view.xml"
        },
        {
            "name": "view/DetailObjectNotFound.view.xml"
        },
        {
            "name": "view/EditTicket.fragment.xml"
        },
        {
            "name": "view/Login.view.xml"
        },
        {
            "name": "view/Master.view.xml"
        },
        {
            "name": "view/MasterFilterDialog.fragment.xml"
        },
        {
            "name": "view/NewPassword.fragment.xml"
        },
        {
            "name": "view/NotFound.view.xml"
        },
        {
            "name": "view/OncelikKoduVH.fragment.xml"
        },
        {
            "name": "view/PersonelValueHelp.fragment.xml"
        },
        {
            "name": "view/ViewSettingsDialog.fragment.xml"
        }
    ]
}