<edmx:Edmx Version="1.0"
    xmlns:edmx="http://schemas.microsoft.com/ado/2007/06/edmx"
    xmlns:m="http://schemas.microsoft.com/ado/2007/08/dataservices/metadata"
    xmlns:sap="http://www.sap.com/Protocols/SAPData">
    <edmx:DataServices m:DataServiceVersion="2.0">
        <Schema Namespace="ZBZ_HYM_SRV" xml:lang="tr" sap:schema-version="1"
            xmlns="http://schemas.microsoft.com/ado/2008/09/edm">
            <EntityType Name="login" sap:content-version="1">
                <Key>
                    <PropertyRef Name="Pernr"/>
                    <PropertyRef Name="Password"/>
                </Key>
                <Property Name="Pernr" Type="Edm.String" Nullable="false" MaxLength="8" sap:label="Personel no."/>
                <Property Name="Password" Type="Edm.String" Nullable="false" MaxLength="50" sap:label="Açıklama"/>
                <Property Name="EResult" Type="Edm.String" MaxLength="1" sap:label="Karakter 1"/>
                <Property Name="Oldpassword" Type="Edm.String" MaxLength="50" sap:label="Açıklama"/>
                <Property Name="Superkul" Type="Edm.Boolean" sap:label="Gösterge"/>
                <Property Name="EFullname" Type="Edm.String" MaxLength="80" sap:label="Tam ad"/>
            </EntityType>
            <EntityType Name="personel" sap:content-version="1">
                <Key>
                    <PropertyRef Name="Pernr"/>
                </Key>
                <Property Name="Pernr" Type="Edm.String" Nullable="false" MaxLength="8" sap:label="Personel no." sap:creatable="false" sap:updatable="false" sap:sortable="false" sap:filterable="false"/>
                <Property Name="Ename" Type="Edm.String" Nullable="false" MaxLength="40" sap:label="Çlşn/bşv.adı" sap:creatable="false" sap:updatable="false" sap:sortable="false" sap:filterable="false"/>
            </EntityType>
            <EntityType Name="hedimTable" sap:content-version="1">
                <Key>
                    <PropertyRef Name="SasiNo"/>
                </Key>
                <Property Name="Islem" Type="Edm.String" Nullable="false" MaxLength="1" sap:label="Karakter 1" sap:creatable="false" sap:updatable="false" sap:sortable="false" sap:filterable="false"/>
                <Property Name="String" Type="Edm.String" Nullable="false" sap:label="String" sap:creatable="false" sap:updatable="false" sap:sortable="false" sap:filterable="false"/>
                <Property Name="SasiNo" Type="Edm.String" Nullable="false" MaxLength="35" sap:label="Sasi No" sap:creatable="false" sap:updatable="false" sap:sortable="false" sap:filterable="false"/>
            </EntityType>
            <EntityType Name="sasiArama" sap:content-version="1">
                <Key>
                    <PropertyRef Name="SasiNo"/>
                </Key>
                <Property Name="SasiNo" Type="Edm.String" Nullable="false" MaxLength="35" sap:label="Sasi No" sap:creatable="false" sap:updatable="false" sap:sortable="false" sap:filterable="false"/>
                <Property Name="Durum" Type="Edm.String" Nullable="false" MaxLength="1" sap:label="Karakter 1" sap:creatable="false" sap:updatable="false" sap:sortable="false" sap:filterable="false"/>
            </EntityType>
            <EntityType Name="yapistirma" sap:content-version="1">
                <Key>
                    <PropertyRef Name="SasiNo"/>
                    <PropertyRef Name="KapakNo"/>
                    <PropertyRef Name="MkapakNo"/>
                    <PropertyRef Name="UrtSip"/>
                </Key>
                <Property Name="SasiNo" Type="Edm.String" Nullable="false" MaxLength="35" sap:label="Sasi No"/>
                <Property Name="IskColor" Type="Edm.String" Nullable="false" MaxLength="1" sap:label="Karakter 1" sap:creatable="false" sap:updatable="false" sap:sortable="false" sap:filterable="false"/>
                <Property Name="KapakNo" Type="Edm.String" Nullable="false" MaxLength="18" sap:label="Kapak No"/>
                <Property Name="MkapakNo" Type="Edm.String" Nullable="false" MaxLength="18" sap:label="Montajsız Kapak No"/>
                <Property Name="UrtSip" Type="Edm.String" Nullable="false" MaxLength="12" sap:label="Üretim Siparişi"/>
                <Property Name="YapTyt" Type="Edm.Boolean" sap:label="Yapıştırma Teyidi"/>
                <Property Name="TytIpt" Type="Edm.Boolean" sap:label="Teyit İptali"/>
                <Property Name="IskTyt" Type="Edm.Boolean" sap:label="Iskarta Teyidi"/>
            </EntityType>
            <EntityType Name="montaj" sap:content-version="1">
                <Key>
                    <PropertyRef Name="SasiNo"/>
                    <PropertyRef Name="KapakNo"/>
                    <PropertyRef Name="UrtSip"/>
                </Key>
                <Property Name="SasiNo" Type="Edm.String" Nullable="false" MaxLength="35" sap:label="Sasi No" sap:creatable="false" sap:updatable="false" sap:sortable="false" sap:filterable="false"/>
                <Property Name="IskColor" Type="Edm.String" Nullable="false" MaxLength="1" sap:label="Karakter 1" sap:creatable="false" sap:updatable="false" sap:sortable="false" sap:filterable="false"/>
                <Property Name="Miktar" Type="Edm.Decimal" Nullable="false" Precision="15" Scale="3" sap:creatable="false" sap:updatable="false" sap:sortable="false" sap:filterable="false"/>
                <Property Name="KapakNo" Type="Edm.String" Nullable="false" MaxLength="18" sap:label="Kapak No" sap:creatable="false" sap:updatable="false" sap:sortable="false" sap:filterable="false"/>
                <Property Name="UrtSip" Type="Edm.String" Nullable="false" MaxLength="12" sap:label="Üretim Siparişi" sap:creatable="false" sap:updatable="false" sap:sortable="false" sap:filterable="false"/>
                <Property Name="MonTyt" Type="Edm.Boolean" Nullable="false" sap:label="Montaj Teyid Verildi" sap:creatable="false" sap:updatable="false" sap:sortable="false" sap:filterable="false"/>
                <Property Name="TytIpt" Type="Edm.Boolean" Nullable="false" sap:label="Teyit İptali" sap:creatable="false" sap:updatable="false" sap:sortable="false" sap:filterable="false"/>
                <Property Name="IskTyt" Type="Edm.Boolean" Nullable="false" sap:label="Iskarta Teyidi" sap:creatable="false" sap:updatable="false" sap:sortable="false" sap:filterable="false"/>
            </EntityType>
            <EntityType Name="haziredim" sap:content-version="1">
                <Key>
                    <PropertyRef Name="KapakNo"/>
                </Key>
                <Property Name="CheckEn" Type="Edm.Boolean" sap:label="Gösterge"/>
                <Property Name="Color" Type="Edm.String" Nullable="false" MaxLength="1" sap:label="Karakter 1" sap:creatable="false" sap:updatable="false" sap:sortable="false" sap:filterable="false"/>
                <Property Name="Gmiktar" Type="Edm.String" Nullable="false" MaxLength="10" sap:label="Karakter alanı uzunluğu 10" sap:creatable="false" sap:updatable="false" sap:sortable="false" sap:filterable="false"/>
                <Property Name="CheckSel" Type="Edm.Boolean" sap:label="Gösterge"/>
                <Property Name="SasiNo" Type="Edm.String" MaxLength="35" sap:label="Sasi No"/>
                <Property Name="KapakNo" Type="Edm.String" Nullable="false" MaxLength="18" sap:label="Kapak No"/>
                <Property Name="MkapakNo" Type="Edm.String" MaxLength="18" sap:label="Montajsız Kapak No"/>
                <Property Name="Maktx" Type="Edm.String" MaxLength="40" sap:label="Tanım"/>
                <Property Name="Omeng" Type="Edm.Decimal" Precision="15" Scale="3" sap:label="Açık miktar"/>
                <Property Name="Meins" Type="Edm.String" MaxLength="3" sap:label="Temel ölçü brm." sap:semantics="unit-of-measure"/>
            </EntityType>
            <EntityType Name="yetki" sap:content-version="1">
                <Key>
                    <PropertyRef Name="Pernr"/>
                </Key>
                <Property Name="Pernr" Type="Edm.String" Nullable="false" MaxLength="8" sap:label="Personel no." sap:creatable="false" sap:updatable="false" sap:sortable="false" sap:filterable="false"/>
                <Property Name="NklYetki" Type="Edm.Boolean" Nullable="false" sap:label="Nakil Yetki" sap:creatable="false" sap:updatable="false" sap:sortable="false" sap:filterable="false"/>
                <Property Name="KynkYetki" Type="Edm.Boolean" Nullable="false" sap:label="Kaynak Yetki" sap:creatable="false" sap:updatable="false" sap:sortable="false" sap:filterable="false"/>
                <Property Name="TesYetki" Type="Edm.Boolean" Nullable="false" sap:label="Tesviye Yetki" sap:creatable="false" sap:updatable="false" sap:sortable="false" sap:filterable="false"/>
                <Property Name="HzrYetki" Type="Edm.Boolean" Nullable="false" sap:label="Hazıredim Yetki" sap:creatable="false" sap:updatable="false" sap:sortable="false" sap:filterable="false"/>
                <Property Name="YapYetki" Type="Edm.Boolean" Nullable="false" sap:label="Yapıştırma Yetki" sap:creatable="false" sap:updatable="false" sap:sortable="false" sap:filterable="false"/>
                <Property Name="MonYetki" Type="Edm.Boolean" Nullable="false" sap:label="Montaj Yetki" sap:creatable="false" sap:updatable="false" sap:sortable="false" sap:filterable="false"/>
            </EntityType>
            <EntityContainer Name="ZBZ_HYM_SRV_Entities" m:IsDefaultEntityContainer="true" sap:supported-formats="atom json xlsx">
                <EntitySet Name="loginSet" EntityType="ZBZ_HYM_SRV.login" sap:creatable="false" sap:updatable="false" sap:deletable="false" sap:pageable="false" sap:content-version="1"/>
                <EntitySet Name="personelSet" EntityType="ZBZ_HYM_SRV.personel" sap:creatable="false" sap:updatable="false" sap:deletable="false" sap:pageable="false" sap:content-version="1"/>
                <EntitySet Name="hedimTableSet" EntityType="ZBZ_HYM_SRV.hedimTable" sap:creatable="false" sap:updatable="false" sap:deletable="false" sap:pageable="false" sap:content-version="1"/>
                <EntitySet Name="sasiAramaSet" EntityType="ZBZ_HYM_SRV.sasiArama" sap:creatable="false" sap:updatable="false" sap:deletable="false" sap:pageable="false" sap:content-version="1"/>
                <EntitySet Name="yapistirmaSet" EntityType="ZBZ_HYM_SRV.yapistirma" sap:creatable="false" sap:updatable="false" sap:deletable="false" sap:pageable="false" sap:content-version="1"/>
                <EntitySet Name="montajSet" EntityType="ZBZ_HYM_SRV.montaj" sap:creatable="false" sap:updatable="false" sap:deletable="false" sap:pageable="false" sap:content-version="1"/>
                <EntitySet Name="haziredimSet" EntityType="ZBZ_HYM_SRV.haziredim" sap:creatable="false" sap:updatable="false" sap:deletable="false" sap:pageable="false" sap:content-version="1"/>
                <EntitySet Name="yetkiSet" EntityType="ZBZ_HYM_SRV.yetki" sap:creatable="false" sap:updatable="false" sap:deletable="false" sap:pageable="false" sap:content-version="1"/>
            </EntityContainer>
            <atom:link rel="self" href="./sap/ZBZ_HYM_SRV/$metadata"
                xmlns:atom="http://www.w3.org/2005/Atom"/>
                <atom:link rel="latest-version" href="./sap/ZBZ_HYM_SRV/$metadata"
                    xmlns:atom="http://www.w3.org/2005/Atom"/>
                </Schema>
            </edmx:DataServices>
        </edmx:Edmx>