{
    "resources": [
        {
            "name": "resources/sap-ui-version.json"
        },
        {
            "name": "test/testsuite.qunit.js"
        },
        {
            "name": "test/unit/unitTests.qunit.js"
        },
        {
            "name": "test/unit/unitTests.qunit.html"
        },
        {
            "name": "test/unit/controller/Login.controller.js"
        },
        {
            "name": "test/unit/AllTests.js"
        },
        {
            "name": "test/testsuite.qunit.html"
        },
        {
            "name": "test/integration/opaTests.qunit.js"
        },
        {
            "name": "test/integration/opaTests.qunit.html"
        },
        {
            "name": "test/integration/AllJourneys.js"
        },
        {
            "name": "test/integration/arrangements/Startup.js"
        },
        {
            "name": "test/integration/pages/Login.js"
        },
        {
            "name": "test/integration/NavigationJourney.js"
        },
        {
            "name": "Component-preload.js",
            "merged": true
        },
        {
            "name": "package.json"
        },
        {
            "name": "css/style.css"
        },
        {
            "name": "index.html"
        },
        {
            "name": "view/Login.view.xml"
        },
        {
            "name": "view/Menu.view.xml"
        },
        {
            "name": "view/HazirEdim.view.xml"
        },
        {
            "name": "view/fragment/NewPassword.fragment.xml"
        },
        {
            "name": "view/fragment/MessageDialog.fragment.xml"
        },
        {
            "name": "view/fragment/PersonelValueHelp.fragment.xml"
        },
        {
            "name": "view/fragment/SasinoValueHelp.fragment.xml"
        },
        {
            "name": "view/fragment/SortDialog.fragment.xml"
        },
        {
            "name": "view/Yapistirma.view.xml"
        },
        {
            "name": "view/Montaj.view.xml"
        },
        {
            "name": "view/Nakil.view.xml"
        },
        {
            "name": "i18n/i18n.properties",
            "raw": "i18n/i18n.properties"
        },
        {
            "name": "image/grebo_logo.jpg"
        },
        {
            "name": "model/formatter.js"
        },
        {
            "name": "model/models.js"
        },
        {
            "name": ".che/project.json"
        },
        {
            "name": "neo-app.json"
        },
        {
            "name": ".project.json"
        },
        {
            "name": "manifest.json"
        },
        {
            "name": "controller/Nakil.controller.js"
        },
        {
            "name": "controller/Yapistirma.controller.js"
        },
        {
            "name": "controller/BaseController.js"
        },
        {
            "name": "controller/dialog/SortDialog.js"
        },
        {
            "name": "controller/dialog/PersonelValueHelp.js"
        },
        {
            "name": "controller/dialog/MessageDialog.js"
        },
        {
            "name": "controller/dialog/SasinoValueHelp.js"
        },
        {
            "name": "controller/dialog/NewPassword.js"
        },
        {
            "name": "controller/Menu.controller.js"
        },
        {
            "name": "controller/Login.controller.js"
        },
        {
            "name": "controller/Montaj.controller.js"
        },
        {
            "name": "controller/HazirEdim.controller.js"
        },
        {
            "name": "package-lock.json"
        },
        {
            "name": "localService/ZBZ_HYM_SRV/metadata.xml"
        },
        {
            "name": "localService/metadata.xml"
        },
        {
            "name": "resources.json",
            "merged": true
        },
        {
            "name": ".user.project.json"
        },
        {
            "name": "Component.js"
        },
        {
            "name": "Gruntfile.js"
        }
    ]
}