<edmx:Edmx xmlns:edmx="http://schemas.microsoft.com/ado/2007/06/edmx"
	xmlns:m="http://schemas.microsoft.com/ado/2007/08/dataservices/metadata" xmlns:sap="http://www.sap.com/Protocols/SAPData" Version="1.0">
	<edmx:DataServices m:DataServiceVersion="2.0">
		<Schema xmlns="http://schemas.microsoft.com/ado/2008/09/edm" Namespace="ZBZ_MALZEME_NAKIL_SRV" xml:lang="tr" sap:schema-version="1">
			<EntityType Name="login" sap:content-version="1">
				<Key><PropertyRef Name="Pernr"/><PropertyRef Name="Password"/></Key><Property Name="Pernr" Type="Edm.String" Nullable="false" MaxLength="8" sap:label="Personel no." sap:creatable="false" sap:updatable="false"
					sap:sortable="false" sap:filterable="false"/><Property Name="Password" Type="Edm.String" Nullable="false" MaxLength="50" sap:label="Açıklama" sap:creatable="false" sap:updatable="false"
					sap:sortable="false" sap:filterable="false"/><Property Name="EResult" Type="Edm.String" Nullable="false" MaxLength="1" sap:label="Karakter 1" sap:creatable="false" sap:updatable="false"
					sap:sortable="false" sap:filterable="false"/><Property Name="Oldpassword" Type="Edm.String" Nullable="false" MaxLength="50" sap:label="Açıklama" sap:creatable="false"
					sap:updatable="false" sap:sortable="false" sap:filterable="false"/><Property Name="Superkul" Type="Edm.Boolean" Nullable="false" sap:label="Gösterge" sap:creatable="false" sap:updatable="false"
					sap:sortable="false" sap:filterable="false"/><Property Name="EFullname" Type="Edm.String" Nullable="false" MaxLength="80" sap:label="Tam ad" sap:creatable="false" sap:updatable="false"
					sap:sortable="false" sap:filterable="false"/></EntityType>
			<EntityContainer Name="ZBZ_MALZEME_NAKIL_SRV_Entities" m:IsDefaultEntityContainer="true" sap:supported-formats="atom json xlsx"><EntitySet Name="loginSet" EntityType="ZBZ_MALZEME_NAKIL_SRV.login" sap:creatable="false" sap:updatable="false" sap:deletable="false"
				sap:pageable="false" sap:content-version="1"/></EntityContainer><atom:link xmlns:atom="http://www.w3.org/2005/Atom" rel="self" href="./sap/ZBZ_MALZEME_NAKIL_SRV/$metadata"/><atom:link xmlns:atom="http://www.w3.org/2005/Atom" rel="latest-version" href="./sap/ZBZ_MALZEME_NAKIL_SRV/$metadata"/></Schema>
	</edmx:DataServices>
</edmx:Edmx>