{
    "resources": [
        {
            "name": "controller/BaseController.js"
        },
        {
            "name": "controller/App.controller.js"
        },
        {
            "name": "controller/ListSelector.js"
        },
        {
            "name": "controller/ErrorHandler.js"
        },
        {
            "name": "view/MatnrValueHelp.fragment.xml"
        },
        {
            "name": "view/NotFound.view.xml"
        },
        {
            "name": "view/App.view.xml"
        },
        {
            "name": "view/ViewSettingsDialog.fragment.xml"
        },
        {
            "name": "i18n/i18n.properties",
            "raw": "i18n/i18n.properties"
        },
        {
            "name": "manifest.json"
        },
        {
            "name": "localService/mockserver.js"
        },
        {
            "name": "localService/metadata.xml"
        },
        {
            "name": "index.html"
        },
        {
            "name": "test/mockServer.html"
        },
        {
            "name": "test/testsuite.qunit.html"
        },
        {
            "name": "test/unit/controller/App.controller.js"
        },
        {
            "name": "test/unit/controller/ListSelector.js"
        },
        {
            "name": "test/unit/allTests.js"
        },
        {
            "name": "test/unit/unitTests.qunit.html"
        },
        {
            "name": "test/unit/model/formatter.js"
        },
        {
            "name": "test/unit/model/GroupSortState.js"
        },
        {
            "name": "test/unit/model/models.js"
        },
        {
            "name": "test/unit/model/grouper.js"
        },
        {
            "name": "test/integration/AllJourneys.js"
        },
        {
            "name": "test/integration/opaTests.qunit.html"
        },
        {
            "name": "test/integration/pages/Browser.js"
        },
        {
            "name": "test/integration/pages/Detail.js"
        },
        {
            "name": "test/integration/pages/Master.js"
        },
        {
            "name": "test/integration/pages/Common.js"
        },
        {
            "name": "test/integration/pages/App.js"
        },
        {
            "name": "test/integration/pages/NotFound.js"
        },
        {
            "name": "test/integration/NavigationJourney.js"
        },
        {
            "name": "test/integration/NotFoundJourney.js"
        },
        {
            "name": "test/integration/NavigationJourneyPhone.js"
        },
        {
            "name": "test/integration/opaTestsPhone.qunit.html"
        },
        {
            "name": "test/integration/NotFoundJourneyPhone.js"
        },
        {
            "name": "test/integration/BusyJourney.js"
        },
        {
            "name": "test/integration/BusyJourneyPhone.js"
        },
        {
            "name": "test/integration/PhoneJourneys.js"
        },
        {
            "name": "test/integration/MasterJourney.js"
        },
        {
            "name": "test.html"
        },
        {
            "name": "Component.js"
        },
        {
            "name": "model/GroupSortState.js"
        },
        {
            "name": "model/models.js"
        },
        {
            "name": "model/grouper.js"
        },
        {
            "name": "model/formatter.js"
        },
        {
            "name": "Component-preload.js",
            "merged": true
        },
        {
            "name": "neo-app.json"
        }
    ]
}