<edmx:Edmx
    xmlns:edmx="http://schemas.microsoft.com/ado/2007/06/edmx"
    xmlns:m="http://schemas.microsoft.com/ado/2007/08/dataservices/metadata"
    xmlns:sap="http://www.sap.com/Protocols/SAPData" Version="1.0">
    <edmx:DataServices m:DataServiceVersion="2.0">
        <Schema
            xmlns="http://schemas.microsoft.com/ado/2008/09/edm" Namespace="ZPM_COCKPIT_SRV" xml:lang="tr" sap:schema-version="1">
            <EntityType Name="notifActivityTypeChange" sap:content-version="1">
                <Key>
                    <PropertyRef Name="Qmcod"/>
                    <PropertyRef Name="Qmgrp"/>
                    <PropertyRef Name="Qmnum"/>
                </Key>
                <Property Name="Qmcod" Type="Edm.String" Nullable="false" MaxLength="4" sap:unicode="false" sap:label="Kodlama" sap:creatable="false" sap:updatable="false" sap:sortable="false" sap:filterable="false"/>
                <Property Name="Qmgrp" Type="Edm.String" Nullable="false" MaxLength="8" sap:unicode="false" sap:label="Kod grubu" sap:creatable="false" sap:updatable="false" sap:sortable="false" sap:filterable="false"/>
                <Property Name="Qmnum" Type="Edm.String" Nullable="false" MaxLength="12" sap:unicode="false" sap:label="Bildirim" sap:creatable="false" sap:updatable="false" sap:sortable="false" sap:filterable="false"/>
                <Property Name="Message" Type="Edm.String" Nullable="false" MaxLength="200" sap:unicode="false" sap:label="Metin(200 krk.)" sap:creatable="false" sap:updatable="false" sap:sortable="false" sap:filterable="false"/>
            </EntityType>
            <EntityType Name="notifDefinationChange" sap:content-version="1">
                <Key>
                    <PropertyRef Name="Qmnum"/>
                    <PropertyRef Name="Aciklama"/>
                </Key>
                <Property Name="Qmnum" Type="Edm.String" Nullable="false" MaxLength="12" sap:unicode="false" sap:label="Bildirim" sap:creatable="false" sap:updatable="false" sap:sortable="false" sap:filterable="false"/>
                <Property Name="Aciklama" Type="Edm.String" Nullable="false" MaxLength="300" sap:unicode="false" sap:label="Karakter 300" sap:creatable="false" sap:updatable="false" sap:sortable="false" sap:filterable="false"/>
                <Property Name="Success" Type="Edm.String" Nullable="false" MaxLength="1" sap:unicode="false" sap:label="Başarı" sap:creatable="false" sap:updatable="false" sap:sortable="false" sap:filterable="false"/>
                <Property Name="Message" Type="Edm.String" Nullable="false" MaxLength="220" sap:unicode="false" sap:label="İleti metni" sap:creatable="false" sap:updatable="false" sap:sortable="false" sap:filterable="false"/>
            </EntityType>
            <EntityType Name="orderUserStatusChange" sap:content-version="1">
                <Key>
                    <PropertyRef Name="Aufnr"/>
                    <PropertyRef Name="StatDrm"/>
                    <PropertyRef Name="Dest"/>
                </Key>
                <Property Name="Aufnr" Type="Edm.String" Nullable="false" MaxLength="12" sap:unicode="false" sap:label="Sipariş" sap:creatable="false" sap:updatable="false" sap:sortable="false" sap:filterable="false"/>
                <Property Name="StatDrm" Type="Edm.String" Nullable="false" MaxLength="4" sap:unicode="false" sap:label="Durum" sap:creatable="false" sap:updatable="false" sap:sortable="false" sap:filterable="false"/>
                <Property Name="Dest" Type="Edm.String" Nullable="false" MaxLength="1" sap:unicode="false" sap:label="Karakter 1" sap:creatable="false" sap:updatable="false" sap:sortable="false" sap:filterable="false"/>
                <Property Name="Success" Type="Edm.String" Nullable="false" MaxLength="1" sap:unicode="false" sap:label="Başarı" sap:creatable="false" sap:updatable="false" sap:sortable="false" sap:filterable="false"/>
                <Property Name="Message" Type="Edm.String" Nullable="false" MaxLength="220" sap:unicode="false" sap:label="İleti metni" sap:creatable="false" sap:updatable="false" sap:sortable="false" sap:filterable="false"/>
            </EntityType>
            <EntityType Name="checklistForOrderList" sap:content-version="1">
                <Key>
                    <PropertyRef Name="Tur"/>
                    <PropertyRef Name="AnketNo"/>
                    <PropertyRef Name="AnketTanimi"/>
                </Key>
                <Property Name="Aufnr" Type="Edm.String" Nullable="false" MaxLength="12" sap:unicode="false" sap:label="Sipariş" sap:creatable="false" sap:updatable="false" sap:sortable="false" sap:filterable="false"/>
                <Property Name="Tur" Type="Edm.String" Nullable="false" MaxLength="5" sap:unicode="false" sap:label="Bakım Operasyonu" sap:creatable="false" sap:updatable="false" sap:sortable="false" sap:filterable="false"/>
                <Property Name="AnketNo" Type="Edm.String" Nullable="false" MaxLength="10" sap:unicode="false" sap:label="Anket No" sap:creatable="false" sap:updatable="false" sap:sortable="false" sap:filterable="false"/>
                <Property Name="AnketTanimi" Type="Edm.String" Nullable="false" MaxLength="150" sap:unicode="false" sap:label="Anket Tanımı" sap:creatable="false" sap:updatable="false" sap:sortable="false" sap:filterable="false"/>
                <Property Name="Kalan" Type="Edm.String" Nullable="false" MaxLength="4" sap:unicode="false" sap:label="KALAN" sap:creatable="false" sap:updatable="false" sap:sortable="false" sap:filterable="false"/>
                <Property Name="Islenen" Type="Edm.String" Nullable="false" MaxLength="4" sap:unicode="false" sap:label="ISLENEN" sap:creatable="false" sap:updatable="false" sap:sortable="false" sap:filterable="false"/>
                <Property Name="ToplamSoru" Type="Edm.String" Nullable="false" MaxLength="4" sap:unicode="false" sap:label="TOPLAM_SORU" sap:creatable="false" sap:updatable="false" sap:sortable="false" sap:filterable="false"/>
                <Property Name="Success" Type="Edm.String" Nullable="false" MaxLength="1" sap:unicode="false" sap:label="Başarı" sap:creatable="false" sap:updatable="false" sap:sortable="false" sap:filterable="false"/>
                <Property Name="Message" Type="Edm.String" Nullable="false" MaxLength="200" sap:unicode="false" sap:label="Metin(200 krk.)" sap:creatable="false" sap:updatable="false" sap:sortable="false" sap:filterable="false"/>
            </EntityType>
            <EntityType Name="checklistHeaderGet" sap:content-version="1">
                <Key>
                    <PropertyRef Name="SoruNo"/>
                </Key>
                <Property Name="SoruNo" Type="Edm.String" Nullable="false" MaxLength="4" sap:unicode="false" sap:label="Soru Numarası" sap:creatable="false" sap:updatable="false" sap:sortable="false" sap:filterable="false"/>
                <Property Name="Message" Type="Edm.String" Nullable="false" MaxLength="220" sap:unicode="false" sap:label="Metin(220 krk.)" sap:creatable="false" sap:updatable="false" sap:sortable="false" sap:filterable="false"/>
                <Property Name="Success" Type="Edm.String" Nullable="false" MaxLength="1" sap:unicode="false" sap:label="Başarı" sap:creatable="false" sap:updatable="false" sap:sortable="false" sap:filterable="false"/>
            </EntityType>
            <EntityType Name="checklistItemGet" sap:content-version="1">
                <Key>
                    <PropertyRef Name="SoruNo"/>
                </Key>
                <Property Name="Tur" Type="Edm.String" Nullable="false" MaxLength="5" sap:unicode="false" sap:label="Bakım Operasyonu" sap:creatable="false" sap:updatable="false" sap:sortable="false" sap:filterable="false"/>
                <Property Name="SoruNo" Type="Edm.String" Nullable="false" MaxLength="4" sap:unicode="false" sap:label="Soru Numarası" sap:creatable="false" sap:updatable="false" sap:sortable="false" sap:filterable="false"/>
                <Property Name="SoruTanimi" Type="Edm.String" Nullable="false" MaxLength="150" sap:unicode="false" sap:label="İşlem Tanımı" sap:creatable="false" sap:updatable="false" sap:sortable="false" sap:filterable="false"/>
                <Property Name="Uygun" Type="Edm.String" Nullable="false" MaxLength="4" sap:unicode="false" sap:label="Radio Button" sap:creatable="false" sap:updatable="false" sap:sortable="false" sap:filterable="false"/>
                <Property Name="Duzeltildi" Type="Edm.String" Nullable="false" MaxLength="4" sap:unicode="false" sap:label="Radio Button" sap:creatable="false" sap:updatable="false" sap:sortable="false" sap:filterable="false"/>
                <Property Name="UygunDegil" Type="Edm.String" Nullable="false" MaxLength="4" sap:unicode="false" sap:label="Radio Button" sap:creatable="false" sap:updatable="false" sap:sortable="false" sap:filterable="false"/>
                <Property Name="Aciklama" Type="Edm.String" Nullable="false" MaxLength="150" sap:unicode="false" sap:label="Açıklama" sap:creatable="false" sap:updatable="false" sap:sortable="false" sap:filterable="false"/>
                <Property Name="AnketNo" Type="Edm.String" Nullable="false" MaxLength="10" sap:unicode="false" sap:label="Anket No" sap:creatable="false" sap:updatable="false" sap:sortable="false" sap:filterable="false"/>
                <Property Name="AnketTanimi" Type="Edm.String" Nullable="false" MaxLength="150" sap:unicode="false" sap:label="Anket Tanımı" sap:creatable="false" sap:updatable="false" sap:sortable="false" sap:filterable="false"/>
                <Property Name="Aufnr" Type="Edm.String" Nullable="false" MaxLength="12" sap:unicode="false" sap:label="Sipariş" sap:creatable="false" sap:updatable="false" sap:sortable="false" sap:filterable="false"/>
                <Property Name="Equnr" Type="Edm.String" Nullable="false" MaxLength="18" sap:unicode="false" sap:label="Ekipman" sap:creatable="false" sap:updatable="false" sap:sortable="false" sap:filterable="false"/>
            </EntityType>
            <EntityType Name="checklistSave" sap:content-version="1">
                <Key>
                    <PropertyRef Name="SoruNo"/>
                    <PropertyRef Name="SoruTanimi"/>
                    <PropertyRef Name="Aufnr"/>
                </Key>
                <Property Name="Tur" Type="Edm.String" Nullable="false" MaxLength="5" sap:unicode="false" sap:label="Bakım Operasyonu" sap:creatable="false" sap:updatable="false" sap:sortable="false" sap:filterable="false"/>
                <Property Name="SoruNo" Type="Edm.String" Nullable="false" MaxLength="4" sap:unicode="false" sap:label="Soru Numarası" sap:creatable="false" sap:updatable="false" sap:sortable="false" sap:filterable="false"/>
                <Property Name="SoruTanimi" Type="Edm.String" Nullable="false" MaxLength="150" sap:unicode="false" sap:label="İşlem Tanımı" sap:creatable="false" sap:updatable="false" sap:sortable="false" sap:filterable="false"/>
                <Property Name="Uygun" Type="Edm.String" Nullable="false" MaxLength="4" sap:unicode="false" sap:label="Radio Button" sap:creatable="false" sap:updatable="false" sap:sortable="false" sap:filterable="false"/>
                <Property Name="Duzeltildi" Type="Edm.String" Nullable="false" MaxLength="4" sap:unicode="false" sap:label="Radio Button" sap:creatable="false" sap:updatable="false" sap:sortable="false" sap:filterable="false"/>
                <Property Name="UygunDegil" Type="Edm.String" Nullable="false" MaxLength="4" sap:unicode="false" sap:label="Radio Button" sap:creatable="false" sap:updatable="false" sap:sortable="false" sap:filterable="false"/>
                <Property Name="Aciklama" Type="Edm.String" Nullable="false" MaxLength="150" sap:unicode="false" sap:label="Açıklama" sap:creatable="false" sap:updatable="false" sap:sortable="false" sap:filterable="false"/>
                <Property Name="AnketNo" Type="Edm.String" Nullable="false" MaxLength="10" sap:unicode="false" sap:label="Anket No" sap:creatable="false" sap:updatable="false" sap:sortable="false" sap:filterable="false"/>
                <Property Name="AnketTanimi" Type="Edm.String" Nullable="false" MaxLength="150" sap:unicode="false" sap:label="Anket Tanımı" sap:creatable="false" sap:updatable="false" sap:sortable="false" sap:filterable="false"/>
                <Property Name="Aufnr" Type="Edm.String" Nullable="false" MaxLength="12" sap:unicode="false" sap:label="Sipariş" sap:creatable="false" sap:updatable="false" sap:sortable="false" sap:filterable="false"/>
                <Property Name="Equnr" Type="Edm.String" Nullable="false" MaxLength="18" sap:unicode="false" sap:label="Ekipman" sap:creatable="false" sap:updatable="false" sap:sortable="false" sap:filterable="false"/>
                <Property Name="Pernr" Type="Edm.String" Nullable="false" MaxLength="8" sap:unicode="false" sap:label="Personel no." sap:creatable="false" sap:updatable="false" sap:sortable="false" sap:filterable="false"/>
                <Property Name="Success" Type="Edm.String" Nullable="false" MaxLength="1" sap:unicode="false" sap:label="Başarı" sap:creatable="false" sap:updatable="false" sap:sortable="false" sap:filterable="false"/>
                <Property Name="Message" Type="Edm.String" Nullable="false" MaxLength="220" sap:unicode="false" sap:label="İleti metni" sap:creatable="false" sap:updatable="false" sap:sortable="false" sap:filterable="false"/>
            </EntityType>
            <EntityType Name="personelNumberCheck" sap:content-version="1">
                <Key>
                    <PropertyRef Name="Pernr"/>
                </Key>
                <Property Name="Pernr" Type="Edm.String" Nullable="false" MaxLength="8" sap:unicode="false" sap:label="Personel no." sap:creatable="false" sap:updatable="false" sap:sortable="false" sap:filterable="false"/>
                <Property Name="Success" Type="Edm.String" Nullable="false" MaxLength="1" sap:unicode="false" sap:label="Başarı" sap:creatable="false" sap:updatable="false" sap:sortable="false" sap:filterable="false"/>
                <Property Name="Message" Type="Edm.String" Nullable="false" MaxLength="220" sap:unicode="false" sap:label="İleti metni" sap:creatable="false" sap:updatable="false" sap:sortable="false" sap:filterable="false"/>
            </EntityType>
            <EntityType Name="notifDamageCauseChange" sap:content-version="1">
                <Key>
                    <PropertyRef Name="Aufnr"/>
                    <PropertyRef Name="Qmnum"/>
                    <PropertyRef Name="Qmgrp"/>
                    <PropertyRef Name="Qmcod"/>
                    <PropertyRef Name="QmKurztext"/>
                    <PropertyRef Name="Fegrp"/>
                    <PropertyRef Name="Fecod"/>
                    <PropertyRef Name="FeKurztext"/>
                </Key>
                <Property Name="Aufnr" Type="Edm.String" Nullable="false" MaxLength="12" sap:unicode="false" sap:label="Sipariş" sap:creatable="false" sap:updatable="false" sap:sortable="false" sap:filterable="false"/>
                <Property Name="Qmnum" Type="Edm.String" Nullable="false" MaxLength="12" sap:unicode="false" sap:label="Bildirim" sap:creatable="false" sap:updatable="false" sap:sortable="false" sap:filterable="false"/>
                <Property Name="Qmgrp" Type="Edm.String" Nullable="false" MaxLength="8" sap:unicode="false" sap:label="Kod grubu" sap:creatable="false" sap:updatable="false" sap:sortable="false" sap:filterable="false"/>
                <Property Name="Qmcod" Type="Edm.String" Nullable="false" MaxLength="4" sap:unicode="false" sap:label="Kod" sap:creatable="false" sap:updatable="false" sap:sortable="false" sap:filterable="false"/>
                <Property Name="QmKurztext" Type="Edm.String" Nullable="false" MaxLength="40" sap:unicode="false" sap:label="Neden metni" sap:creatable="false" sap:updatable="false" sap:sortable="false" sap:filterable="false"/>
                <Property Name="Fegrp" Type="Edm.String" Nullable="false" MaxLength="8" sap:unicode="false" sap:label="Kod grubu" sap:creatable="false" sap:updatable="false" sap:sortable="false" sap:filterable="false"/>
                <Property Name="Fecod" Type="Edm.String" Nullable="false" MaxLength="4" sap:unicode="false" sap:label="Kod" sap:creatable="false" sap:updatable="false" sap:sortable="false" sap:filterable="false"/>
                <Property Name="FeKurztext" Type="Edm.String" Nullable="false" MaxLength="40" sap:unicode="false" sap:label="Metin" sap:creatable="false" sap:updatable="false" sap:sortable="false" sap:filterable="false"/>
                <Property Name="Message" Type="Edm.String" Nullable="false" MaxLength="220" sap:unicode="false" sap:label="İleti metni" sap:creatable="false" sap:updatable="false" sap:sortable="false" sap:filterable="false"/>
                <Property Name="Success" Type="Edm.String" Nullable="false" MaxLength="1" sap:unicode="false" sap:label="Başarı" sap:creatable="false" sap:updatable="false" sap:sortable="false" sap:filterable="false"/>
            </EntityType>
            <EntityType Name="instructionListForDamageCode" sap:content-version="1">
                <Key>
                    <PropertyRef Name="Vornr"/>
                </Key>
                <Property Name="Qmgrp" Type="Edm.String" Nullable="false" MaxLength="8" sap:unicode="false" sap:label="Kod grubu" sap:creatable="false" sap:updatable="false" sap:sortable="false" sap:filterable="false"/>
                <Property Name="Qmcod" Type="Edm.String" Nullable="false" MaxLength="4" sap:unicode="false" sap:label="Kodlama" sap:creatable="false" sap:updatable="false" sap:sortable="false" sap:filterable="false"/>
                <Property Name="Vornr" Type="Edm.String" Nullable="false" MaxLength="4" sap:unicode="false" sap:label="İşlem" sap:creatable="false" sap:updatable="false" sap:sortable="false" sap:filterable="false"/>
                <Property Name="TalimatTanim" Type="Edm.String" Nullable="false" MaxLength="140" sap:unicode="false" sap:label="Talimat Tanımı" sap:creatable="false" sap:updatable="false" sap:sortable="false" sap:filterable="false"/>
                <Property Name="Success" Type="Edm.String" Nullable="false" MaxLength="1" sap:unicode="false" sap:label="Karakter 1" sap:creatable="false" sap:updatable="false" sap:sortable="false" sap:filterable="false"/>
                <Property Name="Message" Type="Edm.String" Nullable="false" MaxLength="220" sap:unicode="false" sap:label="İleti metni" sap:creatable="false" sap:updatable="false" sap:sortable="false" sap:filterable="false"/>
            </EntityType>
            <EntityType Name="notifDefinationGet" sap:content-version="1">
                <Key>
                    <PropertyRef Name="Tdline"/>
                </Key>
                <Property Name="Qmnum" Type="Edm.String" Nullable="false" MaxLength="12" sap:unicode="false" sap:label="Bildirim" sap:creatable="false" sap:updatable="false" sap:sortable="false" sap:filterable="false"/>
                <Property Name="Tdline" Type="Edm.String" Nullable="false" MaxLength="132" sap:unicode="false" sap:label="Metin satırı" sap:creatable="false" sap:updatable="false" sap:sortable="false" sap:filterable="false"/>
                <Property Name="Message" Type="Edm.String" Nullable="false" MaxLength="220" sap:unicode="false" sap:label="İleti metni" sap:creatable="false" sap:updatable="false" sap:sortable="false" sap:filterable="false"/>
                <Property Name="Success" Type="Edm.String" Nullable="false" MaxLength="1" sap:unicode="false" sap:label="Başarı" sap:creatable="false" sap:updatable="false" sap:sortable="false" sap:filterable="false"/>
            </EntityType>
            <EntityType Name="notifDeletion" sap:content-version="1">
                <Key>
                    <PropertyRef Name="Qmnum"/>
                    <PropertyRef Name="Status"/>
                </Key>
                <Property Name="Qmnum" Type="Edm.String" Nullable="false" MaxLength="12" sap:unicode="false" sap:label="Bildirim" sap:creatable="false" sap:updatable="false" sap:sortable="false" sap:filterable="false"/>
                <Property Name="Status" Type="Edm.String" Nullable="false" MaxLength="1" sap:unicode="false" sap:label="Notif. Status" sap:creatable="false" sap:updatable="false" sap:sortable="false" sap:filterable="false"/>
                <Property Name="Success" Type="Edm.String" Nullable="false" MaxLength="1" sap:unicode="false" sap:label="Başarı" sap:creatable="false" sap:updatable="false" sap:sortable="false" sap:filterable="false"/>
                <Property Name="Message" Type="Edm.String" Nullable="false" MaxLength="220" sap:unicode="false" sap:label="İleti metni" sap:creatable="false" sap:updatable="false" sap:sortable="false" sap:filterable="false"/>
            </EntityType>
            <EntityType Name="checklistCreNotifDof" sap:content-version="1">
                <Key>
                    <PropertyRef Name="Aufnr"/>
                </Key>
                <Property Name="Aufnr" Type="Edm.String" Nullable="false" MaxLength="12" sap:unicode="false" sap:label="Sipariş" sap:creatable="false" sap:updatable="false" sap:sortable="false" sap:filterable="false"/>
                <Property Name="DofQmnum" Type="Edm.String" Nullable="false" MaxLength="12" sap:unicode="false" sap:label="Bildirim" sap:creatable="false" sap:updatable="false" sap:sortable="false" sap:filterable="false"/>
                <Property Name="DofQmtxt" Type="Edm.String" Nullable="false" MaxLength="40" sap:unicode="false" sap:label="Tanım" sap:creatable="false" sap:updatable="false" sap:sortable="false" sap:filterable="false"/>
                <Property Name="DofErnam" Type="Edm.String" Nullable="false" MaxLength="12" sap:unicode="false" sap:label="Yaratan" sap:creatable="false" sap:updatable="false" sap:sortable="false" sap:filterable="false"/>
                <Property Name="DofErdat" Type="Edm.DateTime" Nullable="false" Precision="7" sap:unicode="false" sap:label="Yaratma trh." sap:creatable="false" sap:updatable="false" sap:sortable="false" sap:filterable="false"/>
                <Property Name="Success" Type="Edm.String" Nullable="false" MaxLength="1" sap:unicode="false" sap:label="Başarı" sap:creatable="false" sap:updatable="false" sap:sortable="false" sap:filterable="false"/>
                <Property Name="Message" Type="Edm.String" Nullable="false" MaxLength="220" sap:unicode="false" sap:label="İleti metni" sap:creatable="false" sap:updatable="false" sap:sortable="false" sap:filterable="false"/>
            </EntityType>
            <EntityType Name="notifListFilterStatusListGet" sap:content-version="1">
                <Key>
                    <PropertyRef Name="Zid"/>
                    <PropertyRef Name="Zdurum"/>
                </Key>
                <Property Name="Zid" Type="Edm.String" Nullable="false" MaxLength="3" sap:unicode="false" sap:label="3 baytlık alan" sap:creatable="false" sap:updatable="false" sap:sortable="false" sap:filterable="false"/>
                <Property Name="Zdurum" Type="Edm.String" Nullable="false" MaxLength="25" sap:unicode="false" sap:label="Alan" sap:creatable="false" sap:updatable="false" sap:sortable="false" sap:filterable="false"/>
            </EntityType>
            <EntityType Name="notifListFilterEquipmentListGet" sap:content-version="1">
                <Key>
                    <PropertyRef Name="Equnr"/>
                </Key>
                <Property Name="Equnr" Type="Edm.String" Nullable="false" MaxLength="18" sap:unicode="false" sap:label="Ekipman" sap:creatable="false" sap:updatable="false" sap:sortable="false" sap:filterable="false"/>
                <Property Name="Eqktx" Type="Edm.String" Nullable="false" MaxLength="40" sap:unicode="false" sap:label="Tanım" sap:creatable="false" sap:updatable="false" sap:sortable="false" sap:filterable="false"/>
            </EntityType>
            <EntityType Name="orderConfirmFinishWorkSave" sap:content-version="1">
                <Key>
                    <PropertyRef Name="Aufnr"/>
                    <PropertyRef Name="Pernr"/>
                </Key>
                <Property Name="Duration" Type="Edm.Decimal" Nullable="false" Precision="8" Scale="2" sap:unicode="false" sap:label="Time" sap:creatable="false" sap:updatable="false" sap:sortable="false" sap:filterable="false"/>
                <Property Name="Text" Type="Edm.String" Nullable="false" MaxLength="40" sap:unicode="false" sap:label="Teyit metni" sap:creatable="false" sap:updatable="false" sap:sortable="false" sap:filterable="false"/>
                <Property Name="Grund" Type="Edm.String" Nullable="false" MaxLength="4" sap:unicode="false" sap:label="Sapma nedeni" sap:creatable="false" sap:updatable="false" sap:sortable="false" sap:filterable="false"/>
                <Property Name="Aufnr" Type="Edm.String" Nullable="false" MaxLength="12" sap:unicode="false" sap:label="Sipariş" sap:creatable="false" sap:updatable="false" sap:sortable="false" sap:filterable="false"/>
                <Property Name="Pernr" Type="Edm.String" Nullable="false" MaxLength="8" sap:unicode="false" sap:label="Personel no." sap:creatable="false" sap:updatable="false" sap:sortable="false" sap:filterable="false"/>
                <Property Name="Aueru" Type="Edm.String" Nullable="false" MaxLength="1" sap:unicode="false" sap:label="Son teyit" sap:creatable="false" sap:updatable="false" sap:sortable="false" sap:filterable="false"/>
                <Property Name="Type" Type="Edm.String" Nullable="false" MaxLength="1" sap:unicode="false" sap:label="Karakter 1" sap:creatable="false" sap:updatable="false" sap:sortable="false" sap:filterable="false"/>
                <Property Name="Opdate" Type="Edm.DateTime" Nullable="false" Precision="7" sap:unicode="false" sap:label="Tarih" sap:creatable="false" sap:updatable="false" sap:sortable="false" sap:filterable="false"/>
                <Property Name="Optime" Type="Edm.Time" Nullable="false" Precision="0" sap:unicode="false" sap:label="OPTIME" sap:creatable="false" sap:updatable="false" sap:sortable="false" sap:filterable="false"/>
                <Property Name="QcodegrpHasar" Type="Edm.String" Nullable="false" MaxLength="8" sap:unicode="false" sap:label="Kod grubu" sap:creatable="false" sap:updatable="false" sap:sortable="false" sap:filterable="false"/>
                <Property Name="CodeHasar" Type="Edm.String" Nullable="false" MaxLength="4" sap:unicode="false" sap:label="Kod" sap:creatable="false" sap:updatable="false" sap:sortable="false" sap:filterable="false"/>
                <Property Name="HasarText" Type="Edm.String" Nullable="false" MaxLength="40" sap:unicode="false" sap:label="Metin" sap:creatable="false" sap:updatable="false" sap:sortable="false" sap:filterable="false"/>
                <Property Name="QcodegrpNeden" Type="Edm.String" Nullable="false" MaxLength="8" sap:unicode="false" sap:label="Kod grubu" sap:creatable="false" sap:updatable="false" sap:sortable="false" sap:filterable="false"/>
                <Property Name="CodeNeden" Type="Edm.String" Nullable="false" MaxLength="4" sap:unicode="false" sap:label="Kod" sap:creatable="false" sap:updatable="false" sap:sortable="false" sap:filterable="false"/>
                <Property Name="NedenText" Type="Edm.String" Nullable="false" MaxLength="40" sap:unicode="false" sap:label="Neden metni" sap:creatable="false" sap:updatable="false" sap:sortable="false" sap:filterable="false"/>
                <Property Name="Message" Type="Edm.String" Nullable="false" MaxLength="220" sap:unicode="false" sap:label="İleti metni" sap:creatable="false" sap:updatable="false" sap:sortable="false" sap:filterable="false"/>
                <Property Name="Success" Type="Edm.String" Nullable="false" MaxLength="1" sap:unicode="false" sap:label="Karakter 1" sap:creatable="false" sap:updatable="false" sap:sortable="false" sap:filterable="false"/>
            </EntityType>
            <EntityType Name="notifDetailGeneralInfoGet" sap:content-version="1">
                <Key>
                    <PropertyRef Name="Qmnum"/>
                </Key>
                <Property Name="Qmnum" Type="Edm.String" Nullable="false" MaxLength="12" sap:unicode="false" sap:label="Bildirim" sap:creatable="false" sap:updatable="false" sap:sortable="false" sap:filterable="false"/>
                <Property Name="Aufnr" Type="Edm.String" Nullable="false" MaxLength="12" sap:unicode="false" sap:label="Sipariş" sap:creatable="false" sap:updatable="false" sap:sortable="false" sap:filterable="false"/>
                <Property Name="Qmgrp" Type="Edm.String" Nullable="false" MaxLength="8" sap:unicode="false" sap:label="Kod grubu" sap:creatable="false" sap:updatable="false" sap:sortable="false" sap:filterable="false"/>
                <Property Name="Qmcod" Type="Edm.String" Nullable="false" MaxLength="80" sap:unicode="false" sap:label="Kodlama metni" sap:creatable="false" sap:updatable="false" sap:sortable="false" sap:filterable="false"/>
                <Property Name="Qmkat" Type="Edm.String" Nullable="false" MaxLength="1" sap:unicode="false" sap:label="Katalog türü" sap:creatable="false" sap:updatable="false" sap:sortable="false" sap:filterable="false"/>
                <Property Name="QmKurztext" Type="Edm.String" Nullable="false" MaxLength="40" sap:unicode="false" sap:label="Kısa metin" sap:creatable="false" sap:updatable="false" sap:sortable="false" sap:filterable="false"/>
                <Property Name="Fegrp" Type="Edm.String" Nullable="false" MaxLength="8" sap:unicode="false" sap:label="Kod grubu" sap:creatable="false" sap:updatable="false" sap:sortable="false" sap:filterable="false"/>
                <Property Name="Fecod" Type="Edm.String" Nullable="false" MaxLength="4" sap:unicode="false" sap:label="Hasar kodu" sap:creatable="false" sap:updatable="false" sap:sortable="false" sap:filterable="false"/>
                <Property Name="Fekat" Type="Edm.String" Nullable="false" MaxLength="1" sap:unicode="false" sap:label="Hata türleri" sap:creatable="false" sap:updatable="false" sap:sortable="false" sap:filterable="false"/>
                <Property Name="FeKurztext" Type="Edm.String" Nullable="false" MaxLength="40" sap:unicode="false" sap:label="Kısa metin" sap:creatable="false" sap:updatable="false" sap:sortable="false" sap:filterable="false"/>
                <Property Name="Urgrp" Type="Edm.String" Nullable="false" MaxLength="8" sap:unicode="false" sap:label="Kod grubu" sap:creatable="false" sap:updatable="false" sap:sortable="false" sap:filterable="false"/>
                <Property Name="Urcod" Type="Edm.String" Nullable="false" MaxLength="4" sap:unicode="false" sap:label="Neden kodu" sap:creatable="false" sap:updatable="false" sap:sortable="false" sap:filterable="false"/>
                <Property Name="Urkat" Type="Edm.String" Nullable="false" MaxLength="1" sap:unicode="false" sap:label="Katalog türü" sap:creatable="false" sap:updatable="false" sap:sortable="false" sap:filterable="false"/>
                <Property Name="UrKurztext" Type="Edm.String" Nullable="false" MaxLength="40" sap:unicode="false" sap:label="Kısa metin" sap:creatable="false" sap:updatable="false" sap:sortable="false" sap:filterable="false"/>
                <Property Name="Ernam" Type="Edm.String" Nullable="false" MaxLength="12" sap:unicode="false" sap:label="Yaratan" sap:creatable="false" sap:updatable="false" sap:sortable="false" sap:filterable="false"/>
                <Property Name="Equnr" Type="Edm.String" Nullable="false" MaxLength="18" sap:unicode="false" sap:label="Ekipman" sap:creatable="false" sap:updatable="false" sap:sortable="false" sap:filterable="false"/>
                <Property Name="Eqktx" Type="Edm.String" Nullable="false" MaxLength="40" sap:unicode="false" sap:label="Tanım" sap:creatable="false" sap:updatable="false" sap:sortable="false" sap:filterable="false"/>
                <Property Name="Defination" Type="Edm.String" Nullable="false" MaxLength="300" sap:unicode="false" sap:label="Karakter 300" sap:creatable="false" sap:updatable="false" sap:sortable="false" sap:filterable="false"/>
                <Property Name="JTxt04" Type="Edm.String" Nullable="false" MaxLength="4" sap:unicode="false" sap:label="Durum" sap:creatable="false" sap:updatable="false" sap:sortable="false" sap:filterable="false"/>
                <Property Name="JTxt30" Type="Edm.String" Nullable="false" MaxLength="30" sap:unicode="false" sap:label="Durum" sap:creatable="false" sap:updatable="false" sap:sortable="false" sap:filterable="false"/>
                <Property Name="Message" Type="Edm.String" Nullable="false" MaxLength="220" sap:unicode="false" sap:label="İleti metni" sap:creatable="false" sap:updatable="false" sap:sortable="false" sap:filterable="false"/>
                <Property Name="Success" Type="Edm.String" Nullable="false" MaxLength="1" sap:unicode="false" sap:label="Başarı" sap:creatable="false" sap:updatable="false" sap:sortable="false" sap:filterable="false"/>
                <Property Name="Fetxt" Type="Edm.String" Nullable="false" MaxLength="40" sap:unicode="false" sap:label="Metin" sap:creatable="false" sap:updatable="false" sap:sortable="false" sap:filterable="false"/>
                <Property Name="Urtxt" Type="Edm.String" Nullable="false" MaxLength="20" sap:unicode="false" sap:label="İzin tanımı" sap:creatable="false" sap:updatable="false" sap:sortable="false" sap:filterable="false"/>
            </EntityType>
            <EntityType Name="notifDetailDamageCauseGet" sap:content-version="1">
                <Key>
                    <PropertyRef Name="Qmnum"/>
                </Key>
                <Property Name="Qmnum" Type="Edm.String" Nullable="false" MaxLength="12" sap:unicode="false" sap:label="Bildirim" sap:creatable="false" sap:updatable="false" sap:sortable="false" sap:filterable="false"/>
                <Property Name="Fecod" Type="Edm.String" Nullable="false" MaxLength="4" sap:unicode="false" sap:label="Hasar kodu" sap:creatable="false" sap:updatable="false" sap:sortable="false" sap:filterable="false"/>
                <Property Name="FeKurztext" Type="Edm.String" Nullable="false" MaxLength="40" sap:unicode="false" sap:label="Kısa metin" sap:creatable="false" sap:updatable="false" sap:sortable="false" sap:filterable="false"/>
                <Property Name="Urgrp" Type="Edm.String" Nullable="false" MaxLength="8" sap:unicode="false" sap:label="Kod grubu" sap:creatable="false" sap:updatable="false" sap:sortable="false" sap:filterable="false"/>
                <Property Name="Urcod" Type="Edm.String" Nullable="false" MaxLength="4" sap:unicode="false" sap:label="Neden kodu" sap:creatable="false" sap:updatable="false" sap:sortable="false" sap:filterable="false"/>
                <Property Name="UrKurztext" Type="Edm.String" Nullable="false" MaxLength="40" sap:unicode="false" sap:label="Kısa metin" sap:creatable="false" sap:updatable="false" sap:sortable="false" sap:filterable="false"/>
                <Property Name="Fegrp" Type="Edm.String" Nullable="false" MaxLength="8" sap:unicode="false" sap:label="Kod grubu" sap:creatable="false" sap:updatable="false" sap:sortable="false" sap:filterable="false"/>
                <Property Name="Success" Type="Edm.String" Nullable="false" MaxLength="1" sap:unicode="false" sap:label="Başarı" sap:creatable="false" sap:updatable="false" sap:sortable="false" sap:filterable="false"/>
                <Property Name="Message" Type="Edm.String" Nullable="false" MaxLength="220" sap:unicode="false" sap:label="İleti metni" sap:creatable="false" sap:updatable="false" sap:sortable="false" sap:filterable="false"/>
            </EntityType>
            <EntityType Name="notifListFilterNotifTypeListGet" sap:content-version="1">
                <Key>
                    <PropertyRef Name="Qmart"/>
                </Key>
                <Property Name="Qmart" Type="Edm.String" Nullable="false" MaxLength="2" sap:unicode="false" sap:label="Bildirim türü" sap:creatable="false" sap:updatable="false" sap:sortable="false" sap:filterable="false"/>
                <Property Name="Qmartx" Type="Edm.String" Nullable="false" MaxLength="20" sap:unicode="false" sap:label="Bildirim türü" sap:creatable="false" sap:updatable="false" sap:sortable="false" sap:filterable="false"/>
                <Property Name="Success" Type="Edm.String" Nullable="false" MaxLength="1" sap:unicode="false" sap:label="Başarı" sap:creatable="false" sap:updatable="false" sap:sortable="false" sap:filterable="false"/>
                <Property Name="Message" Type="Edm.String" Nullable="false" MaxLength="220" sap:unicode="false" sap:label="İleti metni" sap:creatable="false" sap:updatable="false" sap:sortable="false" sap:filterable="false"/>
            </EntityType>
            <EntityType Name="notifDetailOrderOperationListGet" sap:content-version="1">
                <Key>
                    <PropertyRef Name="Aufpl"/>
                    <PropertyRef Name="Vornr"/>
                </Key>
                <Property Name="Aufnr" Type="Edm.String" Nullable="false" MaxLength="12" sap:unicode="false" sap:label="Sipariş" sap:creatable="false" sap:updatable="false" sap:sortable="false" sap:filterable="false"/>
                <Property Name="Aufpl" Type="Edm.String" Nullable="false" MaxLength="10" sap:unicode="false" sap:label="İşlem plan no." sap:creatable="false" sap:updatable="false" sap:sortable="false" sap:filterable="false"/>
                <Property Name="Vornr" Type="Edm.String" Nullable="false" MaxLength="4" sap:unicode="false" sap:label="İşlem" sap:creatable="false" sap:updatable="false" sap:sortable="false" sap:filterable="false"/>
                <Property Name="Ltxa1" Type="Edm.String" Nullable="false" MaxLength="40" sap:unicode="false" sap:label="İşl.kısa metni" sap:creatable="false" sap:updatable="false" sap:sortable="false" sap:filterable="false"/>
                <Property Name="Success" Type="Edm.String" Nullable="false" MaxLength="1" sap:unicode="false" sap:label="Başarı" sap:creatable="false" sap:updatable="false" sap:sortable="false" sap:filterable="false"/>
                <Property Name="Message" Type="Edm.String" Nullable="false" MaxLength="220" sap:unicode="false" sap:label="İleti metni" sap:creatable="false" sap:updatable="false" sap:sortable="false" sap:filterable="false"/>
            </EntityType>
            <EntityType Name="notifForwardWorkcenterDetailGet" sap:content-version="1">
                <Key>
                    <PropertyRef Name="Arbpl"/>
                </Key>
                <Property Name="Qmnum" Type="Edm.String" Nullable="false" MaxLength="12" sap:unicode="false" sap:label="Bildirim" sap:creatable="false" sap:updatable="false" sap:sortable="false" sap:filterable="false"/>
                <Property Name="Arbpl" Type="Edm.String" Nullable="false" MaxLength="8" sap:unicode="false" sap:label="İşyeri" sap:creatable="false" sap:updatable="false" sap:sortable="false" sap:filterable="false"/>
                <Property Name="Ktext" Type="Edm.String" Nullable="false" MaxLength="40" sap:unicode="false" sap:label="Tanım" sap:creatable="false" sap:updatable="false" sap:sortable="false" sap:filterable="false"/>
                <Property Name="Aciklama" Type="Edm.String" Nullable="false" MaxLength="200" sap:unicode="false" sap:label="Metin(200 krk.)" sap:creatable="false" sap:updatable="false" sap:sortable="false" sap:filterable="false"/>
                <Property Name="Dahil" Type="Edm.String" Nullable="false" MaxLength="1" sap:unicode="false" sap:label="Karakter 1" sap:creatable="false" sap:updatable="false" sap:sortable="false" sap:filterable="false"/>
                <Property Name="Success" Type="Edm.String" Nullable="false" MaxLength="1" sap:unicode="false" sap:label="Karakter 1" sap:creatable="false" sap:updatable="false" sap:sortable="false" sap:filterable="false"/>
                <Property Name="Message" Type="Edm.String" Nullable="false" MaxLength="220" sap:unicode="false" sap:label="İleti metni" sap:creatable="false" sap:updatable="false" sap:sortable="false" sap:filterable="false"/>
            </EntityType>
            <EntityType Name="NotifDetailLastTenNotifForEquipmentGet" sap:content-version="1">
                <Key>
                    <PropertyRef Name="Qmnum"/>
                </Key>
                <Property Name="QmnumIn" Type="Edm.String" Nullable="false" MaxLength="12" sap:unicode="false" sap:label="Bildirim" sap:creatable="false" sap:updatable="false" sap:sortable="false" sap:filterable="false"/>
                <Property Name="Qmdat" Type="Edm.DateTime" Nullable="false" Precision="7" sap:unicode="false" sap:label="Bildirim tarihi" sap:creatable="false" sap:updatable="false" sap:sortable="false" sap:filterable="false"/>
                <Property Name="Qmart" Type="Edm.String" Nullable="false" MaxLength="2" sap:unicode="false" sap:label="Bildirim türü" sap:creatable="false" sap:updatable="false" sap:sortable="false" sap:filterable="false"/>
                <Property Name="Qmartx" Type="Edm.String" Nullable="false" MaxLength="20" sap:unicode="false" sap:label="Bildirim türü" sap:creatable="false" sap:updatable="false" sap:sortable="false" sap:filterable="false"/>
                <Property Name="Qmnum" Type="Edm.String" Nullable="false" MaxLength="12" sap:unicode="false" sap:label="Bildirim" sap:creatable="false" sap:updatable="false" sap:sortable="false" sap:filterable="false"/>
                <Property Name="Aufnr" Type="Edm.String" Nullable="false" MaxLength="12" sap:unicode="false" sap:label="Sipariş" sap:creatable="false" sap:updatable="false" sap:sortable="false" sap:filterable="false"/>
                <Property Name="Qmtxt" Type="Edm.String" Nullable="false" MaxLength="40" sap:unicode="false" sap:label="Tanım" sap:creatable="false" sap:updatable="false" sap:sortable="false" sap:filterable="false"/>
                <Property Name="Text20" Type="Edm.String" Nullable="false" MaxLength="20" sap:unicode="false" sap:label="Tanım" sap:creatable="false" sap:updatable="false" sap:sortable="false" sap:filterable="false"/>
                <Property Name="Arbpl" Type="Edm.String" Nullable="false" MaxLength="8" sap:unicode="false" sap:label="İşyeri" sap:creatable="false" sap:updatable="false" sap:sortable="false" sap:filterable="false"/>
                <Property Name="Equnr" Type="Edm.String" Nullable="false" MaxLength="18" sap:unicode="false" sap:label="Ekipman" sap:creatable="false" sap:updatable="false" sap:sortable="false" sap:filterable="false"/>
                <Property Name="Eqktx" Type="Edm.String" Nullable="false" MaxLength="40" sap:unicode="false" sap:label="Tanım" sap:creatable="false" sap:updatable="false" sap:sortable="false" sap:filterable="false"/>
                <Property Name="Stat" Type="Edm.String" Nullable="false" MaxLength="5" sap:unicode="false" sap:label="Durum" sap:creatable="false" sap:updatable="false" sap:sortable="false" sap:filterable="false"/>
                <Property Name="Zdurum" Type="Edm.String" Nullable="false" MaxLength="25" sap:unicode="false" sap:label="Alan" sap:creatable="false" sap:updatable="false" sap:sortable="false" sap:filterable="false"/>
                <Property Name="Message" Type="Edm.String" Nullable="false" MaxLength="220" sap:unicode="false" sap:label="İleti metni" sap:creatable="false" sap:updatable="false" sap:sortable="false" sap:filterable="false"/>
                <Property Name="Success" Type="Edm.String" Nullable="false" MaxLength="1" sap:unicode="false" sap:label="Başarı" sap:creatable="false" sap:updatable="false" sap:sortable="false" sap:filterable="false"/>
            </EntityType>
            <EntityType Name="orderOpenWorksListGet" sap:content-version="1">
                <Key>
                    <PropertyRef Name="Aufnr"/>
                    <PropertyRef Name="Qmart"/>
                    <PropertyRef Name="Auart"/>
                    <PropertyRef Name="Equnr"/>
                </Key>
                <Property Name="Pernr" Type="Edm.String" Nullable="false" MaxLength="8" sap:unicode="false" sap:label="Personel no." sap:creatable="false" sap:updatable="false" sap:sortable="false" sap:filterable="false"/>
                <Property Name="Aufnr" Type="Edm.String" Nullable="false" MaxLength="12" sap:unicode="false" sap:label="Sipariş" sap:creatable="false" sap:updatable="false" sap:sortable="false" sap:filterable="false"/>
                <Property Name="Qmart" Type="Edm.String" Nullable="false" MaxLength="2" sap:unicode="false" sap:label="Bildirim türü" sap:creatable="false" sap:updatable="false" sap:sortable="false" sap:filterable="false"/>
                <Property Name="Qmarx" Type="Edm.String" Nullable="false" MaxLength="20" sap:unicode="false" sap:label="Bildirim türü" sap:creatable="false" sap:updatable="false" sap:sortable="false" sap:filterable="false"/>
                <Property Name="Auart" Type="Edm.String" Nullable="false" MaxLength="4" sap:unicode="false" sap:label="Satış blg.türü" sap:creatable="false" sap:updatable="false" sap:sortable="false" sap:filterable="false"/>
                <Property Name="Equnr" Type="Edm.String" Nullable="false" MaxLength="18" sap:unicode="false" sap:label="Ekipman" sap:creatable="false" sap:updatable="false" sap:sortable="false" sap:filterable="false"/>
                <Property Name="Eqktx" Type="Edm.String" Nullable="false" MaxLength="40" sap:unicode="false" sap:label="Tanım" sap:creatable="false" sap:updatable="false" sap:sortable="false" sap:filterable="false"/>
                <Property Name="Ktex2" Type="Edm.String" Nullable="false" MaxLength="40" sap:unicode="false" sap:label="Teyit metni" sap:creatable="false" sap:updatable="false" sap:sortable="false" sap:filterable="false"/>
                <Property Name="Duration" Type="Edm.Decimal" Nullable="false" Precision="8" Scale="2" sap:unicode="false" sap:label="Time" sap:creatable="false" sap:updatable="false" sap:sortable="false" sap:filterable="false"/>
                <Property Name="DurationText" Type="Edm.String" Nullable="false" MaxLength="20" sap:unicode="false" sap:label="20 karakter" sap:creatable="false" sap:updatable="false" sap:sortable="false" sap:filterable="false"/>
                <Property Name="Qmcod" Type="Edm.String" Nullable="false" MaxLength="4" sap:unicode="false" sap:label="Kodlama" sap:creatable="false" sap:updatable="false" sap:sortable="false" sap:filterable="false"/>
                <Property Name="Qmgrp" Type="Edm.String" Nullable="false" MaxLength="8" sap:unicode="false" sap:label="Kod grubu" sap:creatable="false" sap:updatable="false" sap:sortable="false" sap:filterable="false"/>
                <Property Name="Qmnum" Type="Edm.String" Nullable="false" MaxLength="12" sap:unicode="false" sap:label="Bildirim" sap:creatable="false" sap:updatable="false" sap:sortable="false" sap:filterable="false"/>
                <Property Name="Success" Type="Edm.String" Nullable="false" MaxLength="1" sap:unicode="false" sap:label="Karakter 1" sap:creatable="false" sap:updatable="false" sap:sortable="false" sap:filterable="false"/>
                <Property Name="Message" Type="Edm.String" Nullable="false" MaxLength="200" sap:unicode="false" sap:label="Metin(200 krk.)" sap:creatable="false" sap:updatable="false" sap:sortable="false" sap:filterable="false"/>
            </EntityType>
            <EntityType Name="orderStartWorkWithPernrSave" sap:content-version="1">
                <Key>
                    <PropertyRef Name="Aufnr"/>
                    <PropertyRef Name="Qmnum"/>
                    <PropertyRef Name="Pernr"/>
                </Key>
                <Property Name="Aufnr" Type="Edm.String" Nullable="false" MaxLength="12" sap:unicode="false" sap:label="Sipariş" sap:creatable="false" sap:updatable="false" sap:sortable="false" sap:filterable="false"/>
                <Property Name="Qmnum" Type="Edm.String" Nullable="false" MaxLength="12" sap:unicode="false" sap:label="Bildirim" sap:creatable="false" sap:updatable="false" sap:sortable="false" sap:filterable="false"/>
                <Property Name="Pernr" Type="Edm.String" Nullable="false" MaxLength="8" sap:unicode="false" sap:label="Personel no." sap:creatable="false" sap:updatable="false" sap:sortable="false" sap:filterable="false"/>
                <Property Name="AufnrN" Type="Edm.String" Nullable="false" MaxLength="12" sap:unicode="false" sap:label="Sipariş" sap:creatable="false" sap:updatable="false" sap:sortable="false" sap:filterable="false"/>
                <Property Name="Success" Type="Edm.String" Nullable="false" MaxLength="1" sap:unicode="false" sap:label="Karakter 1" sap:creatable="false" sap:updatable="false" sap:sortable="false" sap:filterable="false"/>
                <Property Name="Message" Type="Edm.String" Nullable="false" MaxLength="220" sap:unicode="false" sap:label="İleti metni" sap:creatable="false" sap:updatable="false" sap:sortable="false" sap:filterable="false"/>
            </EntityType>
            <EntityType Name="orderCompleteCauseListGet" sap:content-version="1">
                <Key>
                    <PropertyRef Name="Code"/>
                </Key>
                <Property Name="Code" Type="Edm.String" Nullable="false" sap:unicode="false" sap:creatable="false" sap:updatable="false" sap:sortable="false" sap:filterable="false"/>
                <Property Name="Kurztext" Type="Edm.String" Nullable="false" sap:unicode="false" sap:creatable="false" sap:updatable="false" sap:sortable="false" sap:filterable="false"/>
                <Property Name="Qkatart" Type="Edm.String" Nullable="false" sap:unicode="false" sap:creatable="false" sap:updatable="false" sap:sortable="false" sap:filterable="false"/>
                <Property Name="Group" Type="Edm.String" Nullable="false" sap:unicode="false" sap:creatable="false" sap:updatable="false" sap:sortable="false" sap:filterable="false"/>
            </EntityType>
            <EntityType Name="orderCompleteDamageListGet" sap:content-version="1">
                <Key>
                    <PropertyRef Name="Qcodegrp"/>
                </Key>
                <Property Name="Qkatart" Type="Edm.String" Nullable="false" sap:unicode="false" sap:creatable="false" sap:updatable="false" sap:sortable="false" sap:filterable="false"/>
                <Property Name="Qcodegrp" Type="Edm.String" Nullable="false" sap:unicode="false" sap:creatable="false" sap:updatable="false" sap:sortable="false" sap:filterable="false"/>
                <Property Name="Kurztext" Type="Edm.String" Nullable="false" sap:unicode="false" sap:creatable="false" sap:updatable="false" sap:sortable="false" sap:filterable="false"/>
            </EntityType>
            <EntityType Name="notifListStartedWorksGet" sap:content-version="1">
                <Key>
                    <PropertyRef Name="Qmnum"/>
                </Key>
                <Property Name="Qmnum" Type="Edm.String" Nullable="false" MaxLength="12" sap:unicode="false" sap:label="Bildirim" sap:creatable="false" sap:updatable="false" sap:sortable="false" sap:filterable="false"/>
                <Property Name="Qmart" Type="Edm.String" Nullable="false" MaxLength="2" sap:unicode="false" sap:label="Bildirim türü" sap:creatable="false" sap:updatable="false" sap:sortable="false" sap:filterable="false"/>
                <Property Name="Qmnam" Type="Edm.String" Nullable="false" MaxLength="12" sap:unicode="false" sap:label="Bildiren" sap:creatable="false" sap:updatable="false" sap:sortable="false" sap:filterable="false"/>
                <Property Name="Aufnr" Type="Edm.String" Nullable="false" MaxLength="12" sap:unicode="false" sap:label="Sipariş" sap:creatable="false" sap:updatable="false" sap:sortable="false" sap:filterable="false"/>
                <Property Name="Qmdat" Type="Edm.DateTime" Nullable="false" Precision="7" sap:unicode="false" sap:label="Bildirim tarihi" sap:creatable="false" sap:updatable="false" sap:sortable="false" sap:filterable="false"/>
                <Property Name="Qmtxt" Type="Edm.String" Nullable="false" MaxLength="40" sap:unicode="false" sap:label="Tanım" sap:creatable="false" sap:updatable="false" sap:sortable="false" sap:filterable="false"/>
                <Property Name="Txt30" Type="Edm.String" Nullable="false" MaxLength="30" sap:unicode="false" sap:label="Metin" sap:creatable="false" sap:updatable="false" sap:sortable="false" sap:filterable="false"/>
                <Property Name="Durum" Type="Edm.String" Nullable="false" MaxLength="25" sap:unicode="false" sap:label="Durum" sap:creatable="false" sap:updatable="false" sap:sortable="false" sap:filterable="false"/>
                <Property Name="Ktext" Type="Edm.String" Nullable="false" MaxLength="20" sap:unicode="false" sap:label="Tanım" sap:creatable="false" sap:updatable="false" sap:sortable="false" sap:filterable="false"/>
                <Property Name="Iphas" Type="Edm.String" Nullable="false" MaxLength="1" sap:unicode="false" sap:label="Evre" sap:creatable="false" sap:updatable="false" sap:sortable="false" sap:filterable="false"/>
                <Property Name="Erdat" Type="Edm.DateTime" Nullable="false" Precision="7" sap:unicode="false" sap:label="Yaratma trh." sap:creatable="false" sap:updatable="false" sap:sortable="false" sap:filterable="false"/>
                <Property Name="Objnr" Type="Edm.String" Nullable="false" MaxLength="22" sap:unicode="false" sap:label="Nesne numarası" sap:creatable="false" sap:updatable="false" sap:sortable="false" sap:filterable="false"/>
                <Property Name="Stat" Type="Edm.String" Nullable="false" MaxLength="5" sap:unicode="false" sap:label="Durum" sap:creatable="false" sap:updatable="false" sap:sortable="false" sap:filterable="false"/>
                <Property Name="Equnr" Type="Edm.String" Nullable="false" MaxLength="18" sap:unicode="false" sap:label="Ekipman" sap:creatable="false" sap:updatable="false" sap:sortable="false" sap:filterable="false"/>
                <Property Name="Success" Type="Edm.String" Nullable="false" MaxLength="1" sap:unicode="false" sap:label="Karakter 1" sap:creatable="false" sap:updatable="false" sap:sortable="false" sap:filterable="false"/>
                <Property Name="Message" Type="Edm.String" Nullable="false" MaxLength="200" sap:unicode="false" sap:label="Metin(200 krk.)" sap:creatable="false" sap:updatable="false" sap:sortable="false" sap:filterable="false"/>
                <Property Name="Qmartx" Type="Edm.String" Nullable="false" MaxLength="20" sap:unicode="false" sap:label="Bildirim türü" sap:creatable="false" sap:updatable="false" sap:sortable="false" sap:filterable="false"/>
                <Property Name="Eqktx" Type="Edm.String" Nullable="false" MaxLength="40" sap:unicode="false" sap:label="Tanım" sap:creatable="false" sap:updatable="false" sap:sortable="false" sap:filterable="false"/>
            </EntityType>
            <EntityType Name="notifListDetailGet" sap:content-version="1">
                <Key>
                    <PropertyRef Name="Qmnum"/>
                </Key>
                <Property Name="Equnr" Type="Edm.String" Nullable="false" MaxLength="18" sap:unicode="false" sap:label="Ekipman" sap:creatable="false" sap:updatable="false" sap:sortable="false" sap:filterable="false"/>
                <Property Name="Arbpl" Type="Edm.String" Nullable="false" MaxLength="8" sap:unicode="false" sap:label="İşyeri" sap:creatable="false" sap:updatable="false" sap:sortable="false" sap:filterable="false"/>
                <Property Name="ArbplT" Type="Edm.String" Nullable="false" MaxLength="8" sap:unicode="false" sap:label="İşyeri" sap:creatable="false" sap:updatable="false" sap:sortable="false" sap:filterable="false"/>
                <Property Name="Qmtxt" Type="Edm.String" Nullable="false" MaxLength="40" sap:unicode="false" sap:label="Tanım" sap:creatable="false" sap:updatable="false" sap:sortable="false" sap:filterable="false"/>
                <Property Name="Qmart" Type="Edm.String" Nullable="false" MaxLength="2" sap:unicode="false" sap:label="Bildirim türü" sap:creatable="false" sap:updatable="false" sap:sortable="false" sap:filterable="false"/>
                <Property Name="Strmn" Type="Edm.DateTime" Nullable="false" Precision="7" sap:unicode="false" sap:label="Tarih" sap:creatable="false" sap:updatable="false" sap:sortable="false" sap:filterable="false"/>
                <Property Name="Ltrmn" Type="Edm.DateTime" Nullable="false" Precision="7" sap:unicode="false" sap:label="Tarih" sap:creatable="false" sap:updatable="false" sap:sortable="false" sap:filterable="false"/>
                <Property Name="Aufnr" Type="Edm.String" Nullable="false" MaxLength="12" sap:unicode="false" sap:label="Sipariş" sap:creatable="false" sap:updatable="false" sap:sortable="false" sap:filterable="false"/>
                <Property Name="Qmnum" Type="Edm.String" Nullable="false" MaxLength="12" sap:unicode="false" sap:label="Bildirim" sap:creatable="false" sap:updatable="false" sap:sortable="false" sap:filterable="false"/>
                <Property Name="Qmarx" Type="Edm.String" Nullable="false" MaxLength="20" sap:unicode="false" sap:label="Bildirim türü" sap:creatable="false" sap:updatable="false" sap:sortable="false" sap:filterable="false"/>
                <Property Name="Qmnam" Type="Edm.String" Nullable="false" MaxLength="12" sap:unicode="false" sap:label="Bildiren" sap:creatable="false" sap:updatable="false" sap:sortable="false" sap:filterable="false"/>
                <Property Name="Qmdat" Type="Edm.DateTime" Nullable="false" Precision="7" sap:unicode="false" sap:label="Bildirim tarihi" sap:creatable="false" sap:updatable="false" sap:sortable="false" sap:filterable="false"/>
                <Property Name="Mzeit" Type="Edm.Time" Nullable="false" Precision="0" sap:unicode="false" sap:label="Bildirim saati" sap:creatable="false" sap:updatable="false" sap:sortable="false" sap:filterable="false"/>
                <Property Name="Eqktx" Type="Edm.String" Nullable="false" MaxLength="40" sap:unicode="false" sap:label="Tanım" sap:creatable="false" sap:updatable="false" sap:sortable="false" sap:filterable="false"/>
                <Property Name="Priok" Type="Edm.String" Nullable="false" MaxLength="1" sap:unicode="false" sap:label="Öncelik" sap:creatable="false" sap:updatable="false" sap:sortable="false" sap:filterable="false"/>
                <Property Name="Exist" Type="Edm.String" Nullable="false" MaxLength="3" sap:unicode="false" sap:label="3 baytlık alan" sap:creatable="false" sap:updatable="false" sap:sortable="false" sap:filterable="false"/>
                <Property Name="Qmcod" Type="Edm.String" Nullable="false" MaxLength="4" sap:unicode="false" sap:label="Kodlama" sap:creatable="false" sap:updatable="false" sap:sortable="false" sap:filterable="false"/>
                <Property Name="Qmgrp" Type="Edm.String" Nullable="false" MaxLength="8" sap:unicode="false" sap:label="Kod grubu" sap:creatable="false" sap:updatable="false" sap:sortable="false" sap:filterable="false"/>
                <Property Name="Zid" Type="Edm.String" Nullable="false" MaxLength="3" sap:unicode="false" sap:label="3 baytlık alan" sap:creatable="false" sap:updatable="false" sap:sortable="false" sap:filterable="false"/>
                <Property Name="Zdurum" Type="Edm.String" Nullable="false" MaxLength="25" sap:unicode="false" sap:label="Alan" sap:creatable="false" sap:updatable="false" sap:sortable="false" sap:filterable="false"/>
                <Property Name="Stat" Type="Edm.String" Nullable="false" MaxLength="5" sap:unicode="false" sap:label="Durum" sap:creatable="false" sap:updatable="false" sap:sortable="false" sap:filterable="false"/>
                <Property Name="Estat" Type="Edm.String" Nullable="false" MaxLength="5" sap:unicode="false" sap:label="Klnc.durumu" sap:creatable="false" sap:updatable="false" sap:sortable="false" sap:filterable="false"/>
                <Property Name="Ausvn" Type="Edm.DateTime" Nullable="false" Precision="7" sap:unicode="false" sap:label="Arıza bşl." sap:creatable="false" sap:updatable="false" sap:sortable="false" sap:filterable="false"/>
                <Property Name="Auztv" Type="Edm.Time" Nullable="false" Precision="0" sap:unicode="false" sap:label="Arıza bşl.saati" sap:creatable="false" sap:updatable="false" sap:sortable="false" sap:filterable="false"/>
                <Property Name="NoOfArbpl" Type="Edm.String" Nullable="false" MaxLength="2" sap:unicode="false" sap:label="NO_OF_ARBPL" sap:creatable="false" sap:updatable="false" sap:sortable="false" sap:filterable="false"/>
                <Property Name="Zversion" Type="Edm.String" Nullable="false" MaxLength="40" sap:unicode="false" sap:label="Version Change" sap:creatable="false" sap:updatable="false" sap:sortable="false" sap:filterable="false"/>
                <Property Name="Zdesign" Type="Edm.String" Nullable="false" MaxLength="12" sap:unicode="false" sap:label="Design Change" sap:creatable="false" sap:updatable="false" sap:sortable="false" sap:filterable="false"/>
                <Property Name="Zlocation" Type="Edm.String" Nullable="false" MaxLength="40" sap:unicode="false" sap:label="Equipment Location" sap:creatable="false" sap:updatable="false" sap:sortable="false" sap:filterable="false"/>
                <Property Name="Message" Type="Edm.String" Nullable="false" MaxLength="200" sap:unicode="false" sap:label="Metin(200 krk.)" sap:creatable="false" sap:updatable="false" sap:sortable="false" sap:filterable="false"/>
                <Property Name="Success" Type="Edm.String" Nullable="false" MaxLength="1" sap:unicode="false" sap:label="Karakter 1" sap:creatable="false" sap:updatable="false" sap:sortable="false" sap:filterable="false"/>
            </EntityType>
            <EntityType Name="notifDateTimeDetails" sap:content-version="1">
                <Key>
                    <PropertyRef Name="Qmnum"/>
                </Key>
                <Property Name="Qmnum" Type="Edm.String" Nullable="false" MaxLength="12" sap:unicode="false" sap:label="Bildirim" sap:creatable="false" sap:updatable="false" sap:sortable="false" sap:filterable="false"/>
                <Property Name="Ausvn" Type="Edm.DateTime" Nullable="false" Precision="7" sap:unicode="false" sap:label="Tarih" sap:creatable="false" sap:updatable="false" sap:sortable="false" sap:filterable="false"/>
                <Property Name="Auztv" Type="Edm.Time" Nullable="false" Precision="0" sap:unicode="false" sap:label="Saat" sap:creatable="false" sap:updatable="false" sap:sortable="false" sap:filterable="false"/>
                <Property Name="Qmdat" Type="Edm.DateTime" Nullable="false" Precision="7" sap:unicode="false" sap:label="Tarih" sap:creatable="false" sap:updatable="false" sap:sortable="false" sap:filterable="false"/>
                <Property Name="Mzeit" Type="Edm.Time" Nullable="false" Precision="0" sap:unicode="false" sap:label="Saat" sap:creatable="false" sap:updatable="false" sap:sortable="false" sap:filterable="false"/>
                <Property Name="Zsdate" Type="Edm.DateTime" Nullable="false" Precision="7" sap:unicode="false" sap:label="Tarih" sap:creatable="false" sap:updatable="false" sap:sortable="false" sap:filterable="false"/>
                <Property Name="Zstime" Type="Edm.Time" Nullable="false" Precision="0" sap:unicode="false" sap:label="Saat" sap:creatable="false" sap:updatable="false" sap:sortable="false" sap:filterable="false"/>
                <Property Name="Zedate" Type="Edm.DateTime" Nullable="false" Precision="7" sap:unicode="false" sap:label="Tarih" sap:creatable="false" sap:updatable="false" sap:sortable="false" sap:filterable="false"/>
                <Property Name="Zetime" Type="Edm.Time" Nullable="false" Precision="0" sap:unicode="false" sap:label="Saat" sap:creatable="false" sap:updatable="false" sap:sortable="false" sap:filterable="false"/>
                <Property Name="Message" Type="Edm.String" Nullable="false" MaxLength="220" sap:unicode="false" sap:label="İleti metni" sap:creatable="false" sap:updatable="false" sap:sortable="false" sap:filterable="false"/>
                <Property Name="Success" Type="Edm.String" Nullable="false" MaxLength="1" sap:unicode="false" sap:label="Başarı" sap:creatable="false" sap:updatable="false" sap:sortable="false" sap:filterable="false"/>
            </EntityType>
            <EntityType Name="notifWorkcenterChange" sap:content-version="1">
                <Key>
                    <PropertyRef Name="Qmnum"/>
                    <PropertyRef Name="Arbpl"/>
                    <PropertyRef Name="Pernr"/>
                    <PropertyRef Name="Aciklama"/>
                </Key>
                <Property Name="Qmnum" Type="Edm.String" Nullable="false" MaxLength="12" sap:unicode="false" sap:label="Bildirim" sap:creatable="false" sap:updatable="false" sap:sortable="false" sap:filterable="false"/>
                <Property Name="Arbpl" Type="Edm.String" Nullable="false" MaxLength="8" sap:unicode="false" sap:label="İşyeri" sap:creatable="false" sap:updatable="false" sap:sortable="false" sap:filterable="false"/>
                <Property Name="Pernr" Type="Edm.String" Nullable="false" MaxLength="8" sap:unicode="false" sap:label="Personel no." sap:creatable="false" sap:updatable="false" sap:sortable="false" sap:filterable="false"/>
                <Property Name="Aciklama" Type="Edm.String" Nullable="false" MaxLength="255" sap:unicode="false" sap:label="Açıklama" sap:creatable="false" sap:updatable="false" sap:sortable="false" sap:filterable="false"/>
                <Property Name="Message" Type="Edm.String" Nullable="false" MaxLength="220" sap:unicode="false" sap:label="İleti metni" sap:creatable="false" sap:updatable="false" sap:sortable="false" sap:filterable="false"/>
                <Property Name="Success" Type="Edm.String" Nullable="false" MaxLength="1" sap:unicode="false" sap:label="Karakter 1" sap:creatable="false" sap:updatable="false" sap:sortable="false" sap:filterable="false"/>
            </EntityType>
            <EntityType Name="NotifWorkcenterChangeForwardDetailLists" sap:content-version="1">
                <Key>
                    <PropertyRef Name="Counter"/>
                </Key>
                <Property Name="Qmnum" Type="Edm.String" Nullable="false" MaxLength="12" sap:unicode="false" sap:label="Bildirim" sap:creatable="false" sap:updatable="false" sap:sortable="false" sap:filterable="false"/>
                <Property Name="Counter" Type="Edm.String" Nullable="false" MaxLength="6" sap:unicode="false" sap:label="Sayaç" sap:creatable="false" sap:updatable="false" sap:sortable="false" sap:filterable="false"/>
                <Property Name="Devredilen" Type="Edm.String" Nullable="false" MaxLength="40" sap:unicode="false" sap:label="DEVREDILEN" sap:creatable="false" sap:updatable="false" sap:sortable="false" sap:filterable="false"/>
                <Property Name="Devreden" Type="Edm.String" Nullable="false" MaxLength="40" sap:unicode="false" sap:label="DEVREDEN" sap:creatable="false" sap:updatable="false" sap:sortable="false" sap:filterable="false"/>
                <Property Name="Datum" Type="Edm.DateTime" Nullable="false" Precision="7" sap:unicode="false" sap:label="Tarih" sap:creatable="false" sap:updatable="false" sap:sortable="false" sap:filterable="false"/>
                <Property Name="Uzeit" Type="Edm.Time" Nullable="false" Precision="0" sap:unicode="false" sap:label="Saat" sap:creatable="false" sap:updatable="false" sap:sortable="false" sap:filterable="false"/>
                <Property Name="Descr" Type="Edm.String" Nullable="false" MaxLength="100" sap:unicode="false" sap:label="Durum" sap:creatable="false" sap:updatable="false" sap:sortable="false" sap:filterable="false"/>
                <Property Name="Pernr" Type="Edm.String" Nullable="false" MaxLength="8" sap:unicode="false" sap:label="Personel no." sap:creatable="false" sap:updatable="false" sap:sortable="false" sap:filterable="false"/>
                <Property Name="Ename" Type="Edm.String" Nullable="false" MaxLength="40" sap:unicode="false" sap:label="Çlşn/bşv.adı" sap:creatable="false" sap:updatable="false" sap:sortable="false" sap:filterable="false"/>
                <Property Name="Usnam" Type="Edm.String" Nullable="false" MaxLength="12" sap:unicode="false" sap:label="Kullanıcı adı" sap:creatable="false" sap:updatable="false" sap:sortable="false" sap:filterable="false"/>
                <Property Name="Islem" Type="Edm.String" Nullable="false" MaxLength="1" sap:unicode="false" sap:label="İşlem" sap:creatable="false" sap:updatable="false" sap:sortable="false" sap:filterable="false"/>
                <Property Name="Message" Type="Edm.String" Nullable="false" MaxLength="200" sap:unicode="false" sap:label="Metin(200 krk.)" sap:creatable="false" sap:updatable="false" sap:sortable="false" sap:filterable="false"/>
                <Property Name="Success" Type="Edm.String" Nullable="false" MaxLength="1" sap:unicode="false" sap:label="Başarı" sap:creatable="false" sap:updatable="false" sap:sortable="false" sap:filterable="false"/>
            </EntityType>
            <ComplexType Name="Return">
                <Property Name="Type" Type="Edm.String" Nullable="false" MaxLength="1" sap:label="İleti tipi" sap:creatable="false" sap:updatable="false" sap:sortable="false" sap:filterable="false"/>
                <Property Name="Id" Type="Edm.String" Nullable="false" MaxLength="20" sap:label="Message Class" sap:creatable="false" sap:updatable="false" sap:sortable="false" sap:filterable="false"/>
                <Property Name="Number" Type="Edm.String" Nullable="false" MaxLength="3" sap:label="İleti numarası" sap:creatable="false" sap:updatable="false" sap:sortable="false" sap:filterable="false"/>
                <Property Name="Message" Type="Edm.String" Nullable="false" MaxLength="220" sap:label="İleti metni" sap:creatable="false" sap:updatable="false" sap:sortable="false" sap:filterable="false"/>
                <Property Name="LogNo" Type="Edm.String" Nullable="false" MaxLength="20" sap:label="Günlük no." sap:creatable="false" sap:updatable="false" sap:sortable="false" sap:filterable="false"/>
                <Property Name="LogMsgNo" Type="Edm.String" Nullable="false" MaxLength="6" sap:label="İleti numarası" sap:creatable="false" sap:updatable="false" sap:sortable="false" sap:filterable="false"/>
                <Property Name="MessageV1" Type="Edm.String" Nullable="false" MaxLength="50" sap:label="İleti değişkeni" sap:creatable="false" sap:updatable="false" sap:sortable="false" sap:filterable="false"/>
                <Property Name="MessageV2" Type="Edm.String" Nullable="false" MaxLength="50" sap:label="İleti değişkeni" sap:creatable="false" sap:updatable="false" sap:sortable="false" sap:filterable="false"/>
                <Property Name="MessageV3" Type="Edm.String" Nullable="false" MaxLength="50" sap:label="İleti değişkeni" sap:creatable="false" sap:updatable="false" sap:sortable="false" sap:filterable="false"/>
                <Property Name="MessageV4" Type="Edm.String" Nullable="false" MaxLength="50" sap:label="İleti değişkeni" sap:creatable="false" sap:updatable="false" sap:sortable="false" sap:filterable="false"/>
                <Property Name="Parameter" Type="Edm.String" Nullable="false" MaxLength="32" sap:label="Parametre adı" sap:creatable="false" sap:updatable="false" sap:sortable="false" sap:filterable="false"/>
                <Property Name="Row" Type="Edm.Int32" Nullable="false" sap:label="Parametre st." sap:creatable="false" sap:updatable="false" sap:sortable="false" sap:filterable="false"/>
                <Property Name="Field" Type="Edm.String" Nullable="false" MaxLength="30" sap:label="Alan adı" sap:creatable="false" sap:updatable="false" sap:sortable="false" sap:filterable="false"/>
                <Property Name="System" Type="Edm.String" Nullable="false" MaxLength="10" sap:label="Mantıksal sistem" sap:creatable="false" sap:updatable="false" sap:sortable="false" sap:filterable="false"/>
            </ComplexType>
            <EntityContainer Name="ZPM_COCKPIT_SRV_Entities" m:IsDefaultEntityContainer="true" sap:supported-formats="atom json xlsx">
                <EntitySet Name="notifActivityTypeChangeSet" EntityType="ZPM_COCKPIT_SRV.notifActivityTypeChange" sap:creatable="false" sap:updatable="false" sap:deletable="false" sap:pageable="false" sap:addressable="false" sap:content-version="1"/>
                <EntitySet Name="notifDefinationChangeSet" EntityType="ZPM_COCKPIT_SRV.notifDefinationChange" sap:creatable="false" sap:updatable="false" sap:deletable="false" sap:pageable="false" sap:addressable="false" sap:content-version="1"/>
                <EntitySet Name="orderUserStatusChangeSet" EntityType="ZPM_COCKPIT_SRV.orderUserStatusChange" sap:creatable="false" sap:updatable="false" sap:deletable="false" sap:pageable="false" sap:addressable="false" sap:content-version="1"/>
                <EntitySet Name="checklistForOrderListSet" EntityType="ZPM_COCKPIT_SRV.checklistForOrderList" sap:creatable="false" sap:updatable="false" sap:deletable="false" sap:pageable="false" sap:addressable="false" sap:content-version="1"/>
                <EntitySet Name="checklistHeaderGetSet" EntityType="ZPM_COCKPIT_SRV.checklistHeaderGet" sap:creatable="false" sap:updatable="false" sap:deletable="false" sap:pageable="false" sap:addressable="false" sap:content-version="1"/>
                <EntitySet Name="checklistItemGetSet" EntityType="ZPM_COCKPIT_SRV.checklistItemGet" sap:creatable="false" sap:updatable="false" sap:deletable="false" sap:pageable="false" sap:addressable="false" sap:content-version="1"/>
                <EntitySet Name="checklistSaveSet" EntityType="ZPM_COCKPIT_SRV.checklistSave" sap:creatable="false" sap:updatable="false" sap:deletable="false" sap:pageable="false" sap:addressable="false" sap:content-version="1"/>
                <EntitySet Name="personelNumberCheckSet" EntityType="ZPM_COCKPIT_SRV.personelNumberCheck" sap:creatable="false" sap:updatable="false" sap:deletable="false" sap:pageable="false" sap:addressable="false" sap:content-version="1"/>
                <EntitySet Name="notifDamageCauseChangeSet" EntityType="ZPM_COCKPIT_SRV.notifDamageCauseChange" sap:creatable="false" sap:updatable="false" sap:deletable="false" sap:pageable="false" sap:addressable="false" sap:content-version="1"/>
                <EntitySet Name="instructionListForDamageCodeSet" EntityType="ZPM_COCKPIT_SRV.instructionListForDamageCode" sap:creatable="false" sap:updatable="false" sap:deletable="false" sap:pageable="false" sap:addressable="false" sap:content-version="1"/>
                <EntitySet Name="notifDefinationGetSet" EntityType="ZPM_COCKPIT_SRV.notifDefinationGet" sap:creatable="false" sap:updatable="false" sap:deletable="false" sap:pageable="false" sap:addressable="false" sap:content-version="1"/>
                <EntitySet Name="notifDeletionSet" EntityType="ZPM_COCKPIT_SRV.notifDeletion" sap:creatable="false" sap:updatable="false" sap:deletable="false" sap:pageable="false" sap:addressable="false" sap:content-version="1"/>
                <EntitySet Name="checklistCreNotifDofSet" EntityType="ZPM_COCKPIT_SRV.checklistCreNotifDof" sap:creatable="false" sap:updatable="false" sap:deletable="false" sap:pageable="false" sap:addressable="false" sap:content-version="1"/>
                <EntitySet Name="notifListFilterStatusListGetSet" EntityType="ZPM_COCKPIT_SRV.notifListFilterStatusListGet" sap:creatable="false" sap:updatable="false" sap:deletable="false" sap:pageable="false" sap:addressable="false" sap:content-version="1"/>
                <EntitySet Name="notifListFilterEquipmentListGetSet" EntityType="ZPM_COCKPIT_SRV.notifListFilterEquipmentListGet" sap:creatable="false" sap:updatable="false" sap:deletable="false" sap:pageable="false" sap:addressable="false" sap:content-version="1"/>
                <EntitySet Name="OrderConfirmFinishWorkSaveSet" EntityType="ZPM_COCKPIT_SRV.orderConfirmFinishWorkSave" sap:creatable="false" sap:updatable="false" sap:deletable="false" sap:pageable="false" sap:addressable="false" sap:content-version="1"/>
                <EntitySet Name="NotifDetailGeneralInfoGetSet" EntityType="ZPM_COCKPIT_SRV.notifDetailGeneralInfoGet" sap:creatable="false" sap:updatable="false" sap:deletable="false" sap:pageable="false" sap:addressable="false" sap:content-version="1"/>
                <EntitySet Name="NotifDetailDamageCauseGetSet" EntityType="ZPM_COCKPIT_SRV.notifDetailDamageCauseGet" sap:creatable="false" sap:updatable="false" sap:deletable="false" sap:pageable="false" sap:addressable="false" sap:content-version="1"/>
                <EntitySet Name="notifListFilterNotifTypeListGetSet" EntityType="ZPM_COCKPIT_SRV.notifListFilterNotifTypeListGet" sap:creatable="false" sap:updatable="false" sap:deletable="false" sap:pageable="false" sap:addressable="false" sap:content-version="1"/>
                <EntitySet Name="NotifDetailOrderOperationListGetSet" EntityType="ZPM_COCKPIT_SRV.notifDetailOrderOperationListGet" sap:creatable="false" sap:updatable="false" sap:deletable="false" sap:pageable="false" sap:addressable="false" sap:content-version="1"/>
                <EntitySet Name="notifForwardWorkcenterDetailGetSet" EntityType="ZPM_COCKPIT_SRV.notifForwardWorkcenterDetailGet" sap:creatable="false" sap:updatable="false" sap:deletable="false" sap:pageable="false" sap:addressable="false" sap:content-version="1"/>
                <EntitySet Name="NotifDetailLastTenNotifForEquipmentGeSet" EntityType="ZPM_COCKPIT_SRV.NotifDetailLastTenNotifForEquipmentGet" sap:creatable="false" sap:updatable="false" sap:deletable="false" sap:pageable="false" sap:addressable="false" sap:content-version="1"/>
                <EntitySet Name="orderOpenWorksListGetSet" EntityType="ZPM_COCKPIT_SRV.orderOpenWorksListGet" sap:creatable="false" sap:updatable="false" sap:deletable="false" sap:pageable="false" sap:addressable="false" sap:content-version="1"/>
                <EntitySet Name="orderStartWorkWithPernrSaveSet" EntityType="ZPM_COCKPIT_SRV.orderStartWorkWithPernrSave" sap:creatable="false" sap:updatable="false" sap:deletable="false" sap:pageable="false" sap:addressable="false" sap:content-version="1"/>
                <EntitySet Name="orderCompleteCauseListGetSet" EntityType="ZPM_COCKPIT_SRV.orderCompleteCauseListGet" sap:creatable="false" sap:updatable="false" sap:deletable="false" sap:pageable="false" sap:addressable="false" sap:content-version="1"/>
                <EntitySet Name="orderCompleteDamageListGetSet" EntityType="ZPM_COCKPIT_SRV.orderCompleteDamageListGet" sap:creatable="false" sap:updatable="false" sap:deletable="false" sap:pageable="false" sap:addressable="false" sap:content-version="1"/>
                <EntitySet Name="notifListStartedWorksGetSet" EntityType="ZPM_COCKPIT_SRV.notifListStartedWorksGet" sap:creatable="false" sap:updatable="false" sap:deletable="false" sap:pageable="false" sap:addressable="false" sap:content-version="1"/>
                <EntitySet Name="notifListDetailGetSet" EntityType="ZPM_COCKPIT_SRV.notifListDetailGet" sap:creatable="false" sap:updatable="false" sap:deletable="false" sap:pageable="false" sap:addressable="false" sap:content-version="1"/>
                <EntitySet Name="notifDateTimeDetailsSet" EntityType="ZPM_COCKPIT_SRV.notifDateTimeDetails" sap:creatable="false" sap:updatable="false" sap:deletable="false" sap:pageable="false" sap:addressable="false" sap:content-version="1"/>
                <EntitySet Name="notifWorkcenterChangeSet" EntityType="ZPM_COCKPIT_SRV.notifWorkcenterChange" sap:creatable="false" sap:updatable="false" sap:deletable="false" sap:pageable="false" sap:addressable="false" sap:content-version="1"/>
                <EntitySet Name="NotifWorkcenterChangeForwardDetailLisSet" EntityType="ZPM_COCKPIT_SRV.NotifWorkcenterChangeForwardDetailLists" sap:creatable="false" sap:updatable="false" sap:deletable="false" sap:pageable="false" sap:addressable="false" sap:content-version="1"/>
            </EntityContainer>
            <atom:link
                xmlns:atom="http://www.w3.org/2005/Atom" rel="self" href="./sap/ZPM_COCKPIT_SRV/$metadata"/>
                <atom:link
                    xmlns:atom="http://www.w3.org/2005/Atom" rel="latest-version" href="./sap/ZPM_COCKPIT_SRV/$metadata"/>
                </Schema>
            </edmx:DataServices>
        </edmx:Edmx>