<edmx:Edmx
    xmlns:edmx="http://schemas.microsoft.com/ado/2007/06/edmx"
    xmlns:m="http://schemas.microsoft.com/ado/2007/08/dataservices/metadata"
    xmlns:sap="http://www.sap.com/Protocols/SAPData" Version="1.0">
    <edmx:DataServices m:DataServiceVersion="2.0">
        <Schema
            xmlns="http://schemas.microsoft.com/ado/2008/09/edm" Namespace="ZBZ_ZIMMET_ONAY_SRV" xml:lang="tr" sap:schema-version="1">
            <EntityType Name="main" sap:content-version="1">
                <Key>
                    <PropertyRef Name="Mandt"/>
                    <PropertyRef Name="Fisno"/>
                    <PropertyRef Name="Fisklmno"/>
                </Key>
                <Property Name="Mandt" Type="Edm.String" Nullable="false" MaxLength="3" sap:label="Üst birim" sap:creatable="false" sap:updatable="false" sap:sortable="false" sap:filterable="false"/>
                <Property Name="Fisno" Type="Edm.String" Nullable="false" MaxLength="10" sap:label="Fiş Numarası" sap:creatable="false" sap:updatable="false" sap:sortable="false" sap:filterable="false"/>
                <Property Name="Fisklmno" Type="Edm.Int32" Nullable="false" sap:label="Kalem No" sap:creatable="false" sap:updatable="false" sap:sortable="false" sap:filterable="false"/>
                <Property Name="Veral" Type="Edm.String" Nullable="false" MaxLength="1" sap:label="Ver/Al" sap:creatable="false" sap:updatable="false" sap:sortable="false" sap:filterable="false"/>
                <Property Name="Tesalan" Type="Edm.String" Nullable="false" MaxLength="8" sap:label="Teslim Alan" sap:creatable="false" sap:updatable="false" sap:sortable="false" sap:filterable="false"/>
                <Property Name="Equnr" Type="Edm.String" Nullable="false" MaxLength="18" sap:label="Ekipman" sap:creatable="false" sap:updatable="false" sap:sortable="false" sap:filterable="false"/>
                <Property Name="Eqktx" Type="Edm.String" Nullable="false" MaxLength="40" sap:label="Ekipman tanımı" sap:creatable="false" sap:updatable="false" sap:sortable="false" sap:filterable="false"/>
                <Property Name="Sattar" Type="Edm.DateTime" Nullable="false" Precision="7" sap:label="Satınalma Tarihi" sap:creatable="false" sap:updatable="false" sap:sortable="false" sap:filterable="false"/>
                <Property Name="Tutar" Type="Edm.Decimal" Nullable="false" Precision="16" Scale="3" sap:label="Tutar" sap:creatable="false" sap:updatable="false" sap:sortable="false" sap:filterable="false"/>
                <Property Name="Miktar" Type="Edm.Decimal" Nullable="false" Precision="13" Scale="2" sap:label="Miktar" sap:creatable="false" sap:updatable="false" sap:sortable="false" sap:filterable="false"/>
                <Property Name="Birim" Type="Edm.String" Nullable="false" MaxLength="3" sap:label="Birim" sap:creatable="false" sap:updatable="false" sap:sortable="false" sap:filterable="false" sap:semantics="unit-of-measure"/>
                <Property Name="Aciklama" Type="Edm.String" Nullable="false" MaxLength="160" sap:label="Açıklama" sap:creatable="false" sap:updatable="false" sap:sortable="false" sap:filterable="false"/>
                <Property Name="Tarih" Type="Edm.DateTime" Nullable="false" Precision="7" sap:label="Tarih" sap:creatable="false" sap:updatable="false" sap:sortable="false" sap:filterable="false"/>
                <Property Name="Saat" Type="Edm.Time" Nullable="false" Precision="0" sap:label="Saat" sap:creatable="false" sap:updatable="false" sap:sortable="false" sap:filterable="false"/>
            </EntityType>
            <EntityType Name="login" sap:content-version="1">
                <Key>
                    <PropertyRef Name="Pernr"/>
                    <PropertyRef Name="Password"/>
                </Key>
                <Property Name="Pernr" Type="Edm.String" Nullable="false" MaxLength="8" sap:label="Personel no." sap:creatable="false" sap:updatable="false" sap:sortable="false" sap:filterable="false"/>
                <Property Name="Password" Type="Edm.String" Nullable="false" MaxLength="50" sap:label="Açıklama" sap:creatable="false" sap:updatable="false" sap:sortable="false" sap:filterable="false"/>
                <Property Name="EResult" Type="Edm.String" Nullable="false" MaxLength="1" sap:label="Karakter 1" sap:creatable="false" sap:updatable="false" sap:sortable="false" sap:filterable="false"/>
            </EntityType>
            <EntityContainer Name="ZBZ_ZIMMET_ONAY_SRV_Entities" m:IsDefaultEntityContainer="true" sap:supported-formats="atom json xlsx">
                <EntitySet Name="mainSet" EntityType="ZBZ_ZIMMET_ONAY_SRV.main" sap:creatable="false" sap:updatable="false" sap:deletable="false" sap:pageable="false" sap:content-version="1"/>
                <EntitySet Name="loginSet" EntityType="ZBZ_ZIMMET_ONAY_SRV.login" sap:creatable="false" sap:updatable="false" sap:deletable="false" sap:pageable="false" sap:content-version="1"/>
            </EntityContainer>
            <atom:link
                xmlns:atom="http://www.w3.org/2005/Atom" rel="self" href="./sap/ZBZ_ZIMMET_ONAY_SRV/$metadata"/>
                <atom:link
                    xmlns:atom="http://www.w3.org/2005/Atom" rel="latest-version" href="./sap/ZBZ_ZIMMET_ONAY_SRV/$metadata"/>
                </Schema>
            </edmx:DataServices>
        </edmx:Edmx>